	Date	Item	Sales
1	2025-01-22	Milk Bread	89
2	2025-01-22	Brown Bread	78
3	2025-01-22	Multigrain Bread	111
4	2025-01-22	Pav Bun	149
5	2025-01-22	Plain Cake	102
6	2025-01-22	Chilli Sauce	92
7	2025-01-22	Rasgulla	55
8	2025-01-22	Jalebi	136
9	2025-01-22	Soy Sauce	77
10	2025-01-22	Water	54
11	2025-01-22	Chocolate Cake	61
12	2025-01-22	Vanilla Cake	129
13	2025-01-22	Black Forest Cake	107
14	2025-01-22	Pineapple Cake	65
15	2025-01-22	Red Velvet Cake	51
16	2025-01-22	Milk	75
17	2025-01-22	Curd	83
18	2025-01-22	Paneer	70
19	2025-01-22	Butter	125
20	2025-01-22	Cheese	81
21	2025-01-22	Samosa	63
22	2025-01-22	Kachori	105
23	2025-01-22	Dhokla	122
24	2025-01-22	Vada Pav	131
25	2025-01-22	Pani Puri	115
26	2025-01-22	Cookies	78
27	2025-01-22	Masala Puri	60
28	2025-01-22	Samosa Chaat	71
29	2025-01-22	Small Mixture	97
30	2025-01-22	Tomato Ketchup	68
31	2025-01-23	Milk Bread	134
32	2025-01-23	Brown Bread	82
33	2025-01-23	Multigrain Bread	134
34	2025-01-23	Pav Bun	114
35	2025-01-23	Plain Cake	147
36	2025-01-23	Chilli Sauce	147
37	2025-01-23	Rasgulla	129
38	2025-01-23	Jalebi	84
39	2025-01-23	Soy Sauce	51
40	2025-01-23	Water	84
41	2025-01-23	Chocolate Cake	65
42	2025-01-23	Vanilla Cake	99
43	2025-01-23	Black Forest Cake	96
44	2025-01-23	Pineapple Cake	70
45	2025-01-23	Red Velvet Cake	122
46	2025-01-23	Milk	70
47	2025-01-23	Curd	95
48	2025-01-23	Paneer	129
49	2025-01-23	Butter	111
50	2025-01-23	Cheese	50
51	2025-01-23	Samosa	127
52	2025-01-23	Kachori	135
53	2025-01-23	Dhokla	80
54	2025-01-23	Vada Pav	84
55	2025-01-23	Pani Puri	134
56	2025-01-23	Cookies	110
57	2025-01-23	Masala Puri	93
58	2025-01-23	Samosa Chaat	79
59	2025-01-23	Small Mixture	131
60	2025-01-23	Tomato Ketchup	126
61	2025-01-24	Milk Bread	149
62	2025-01-24	Brown Bread	79
63	2025-01-24	Multigrain Bread	58
64	2025-01-24	Pav Bun	130
65	2025-01-24	Plain Cake	80
66	2025-01-24	Chilli Sauce	83
67	2025-01-24	Rasgulla	95
68	2025-01-24	Jalebi	60
69	2025-01-24	Soy Sauce	118
70	2025-01-24	Water	149
71	2025-01-24	Chocolate Cake	146
72	2025-01-24	Vanilla Cake	75
73	2025-01-24	Black Forest Cake	57
74	2025-01-24	Pineapple Cake	94
75	2025-01-24	Red Velvet Cake	76
76	2025-01-24	Milk	125
77	2025-01-24	Curd	147
78	2025-01-24	Paneer	74
79	2025-01-24	Butter	133
80	2025-01-24	Cheese	55
81	2025-01-24	Samosa	70
82	2025-01-24	Kachori	50
83	2025-01-24	Dhokla	102
84	2025-01-24	Vada Pav	109
85	2025-01-24	Pani Puri	145
86	2025-01-24	Cookies	69
87	2025-01-24	Masala Puri	54
88	2025-01-24	Samosa Chaat	109
89	2025-01-24	Small Mixture	138
90	2025-01-24	Tomato Ketchup	139
91	2025-01-25	Milk Bread	147
92	2025-01-25	Brown Bread	129
93	2025-01-25	Multigrain Bread	184
94	2025-01-25	Pav Bun	118
95	2025-01-25	Plain Cake	210
96	2025-01-25	Chilli Sauce	205
97	2025-01-25	Rasgulla	187
98	2025-01-25	Jalebi	210
99	2025-01-25	Soy Sauce	115
100	2025-01-25	Water	220
101	2025-01-25	Chocolate Cake	127
102	2025-01-25	Vanilla Cake	76
103	2025-01-25	Black Forest Cake	106
104	2025-01-25	Pineapple Cake	223
105	2025-01-25	Red Velvet Cake	219
106	2025-01-25	Milk	76
107	2025-01-25	Curd	105
108	2025-01-25	Paneer	192
109	2025-01-25	Butter	172
110	2025-01-25	Cheese	81
111	2025-01-25	Samosa	127
112	2025-01-25	Kachori	145
113	2025-01-25	Dhokla	208
114	2025-01-25	Vada Pav	133
115	2025-01-25	Pani Puri	172
116	2025-01-25	Cookies	88
117	2025-01-25	Masala Puri	220
118	2025-01-25	Samosa Chaat	135
119	2025-01-25	Small Mixture	105
120	2025-01-25	Tomato Ketchup	87
121	2025-01-26	Milk Bread	162
122	2025-01-26	Brown Bread	129
123	2025-01-26	Multigrain Bread	196
124	2025-01-26	Pav Bun	168
125	2025-01-26	Plain Cake	102
126	2025-01-26	Chilli Sauce	139
127	2025-01-26	Rasgulla	211
128	2025-01-26	Jalebi	123
129	2025-01-26	Soy Sauce	91
130	2025-01-26	Water	153
131	2025-01-26	Chocolate Cake	93
132	2025-01-26	Vanilla Cake	85
133	2025-01-26	Black Forest Cake	178
134	2025-01-26	Pineapple Cake	184
135	2025-01-26	Red Velvet Cake	90
136	2025-01-26	Milk	177
137	2025-01-26	Curd	105
138	2025-01-26	Paneer	118
139	2025-01-26	Butter	190
140	2025-01-26	Cheese	105
141	2025-01-26	Samosa	172
142	2025-01-26	Kachori	99
143	2025-01-26	Dhokla	184
144	2025-01-26	Vada Pav	126
145	2025-01-26	Pani Puri	88
146	2025-01-26	Cookies	165
147	2025-01-26	Masala Puri	201
148	2025-01-26	Samosa Chaat	138
149	2025-01-26	Small Mixture	222
150	2025-01-26	Tomato Ketchup	120
151	2025-01-27	Milk Bread	58
152	2025-01-27	Brown Bread	83
153	2025-01-27	Multigrain Bread	127
154	2025-01-27	Pav Bun	132
155	2025-01-27	Plain Cake	52
156	2025-01-27	Chilli Sauce	97
157	2025-01-27	Rasgulla	141
158	2025-01-27	Jalebi	90
159	2025-01-27	Soy Sauce	114
160	2025-01-27	Water	81
161	2025-01-27	Chocolate Cake	143
162	2025-01-27	Vanilla Cake	86
163	2025-01-27	Black Forest Cake	72
164	2025-01-27	Pineapple Cake	112
165	2025-01-27	Red Velvet Cake	73
166	2025-01-27	Milk	98
167	2025-01-27	Curd	87
168	2025-01-27	Paneer	128
169	2025-01-27	Butter	120
170	2025-01-27	Cheese	124
171	2025-01-27	Samosa	115
172	2025-01-27	Kachori	77
173	2025-01-27	Dhokla	120
174	2025-01-27	Vada Pav	146
175	2025-01-27	Pani Puri	100
176	2025-01-27	Cookies	140
177	2025-01-27	Masala Puri	123
178	2025-01-27	Samosa Chaat	141
179	2025-01-27	Small Mixture	54
180	2025-01-27	Tomato Ketchup	116
181	2025-01-28	Milk Bread	62
182	2025-01-28	Brown Bread	137
183	2025-01-28	Multigrain Bread	131
184	2025-01-28	Pav Bun	134
185	2025-01-28	Plain Cake	115
186	2025-01-28	Chilli Sauce	143
187	2025-01-28	Rasgulla	59
188	2025-01-28	Jalebi	104
189	2025-01-28	Soy Sauce	75
190	2025-01-28	Water	110
191	2025-01-28	Chocolate Cake	126
192	2025-01-28	Vanilla Cake	122
193	2025-01-28	Black Forest Cake	149
194	2025-01-28	Pineapple Cake	132
195	2025-01-28	Red Velvet Cake	66
196	2025-01-28	Milk	56
197	2025-01-28	Curd	132
198	2025-01-28	Paneer	120
199	2025-01-28	Butter	55
200	2025-01-28	Cheese	53
201	2025-01-28	Samosa	93
202	2025-01-28	Kachori	130
203	2025-01-28	Dhokla	86
204	2025-01-28	Vada Pav	63
205	2025-01-28	Pani Puri	65
206	2025-01-28	Cookies	92
207	2025-01-28	Masala Puri	87
208	2025-01-28	Samosa Chaat	107
209	2025-01-28	Small Mixture	133
210	2025-01-28	Tomato Ketchup	123
211	2025-01-29	Milk Bread	102
212	2025-01-29	Brown Bread	100
213	2025-01-29	Multigrain Bread	86
214	2025-01-29	Pav Bun	138
215	2025-01-29	Plain Cake	85
216	2025-01-29	Chilli Sauce	91
217	2025-01-29	Rasgulla	105
218	2025-01-29	Jalebi	149
219	2025-01-29	Soy Sauce	132
220	2025-01-29	Water	95
221	2025-01-29	Chocolate Cake	77
222	2025-01-29	Vanilla Cake	59
223	2025-01-29	Black Forest Cake	73
224	2025-01-29	Pineapple Cake	72
225	2025-01-29	Red Velvet Cake	111
226	2025-01-29	Milk	69
227	2025-01-29	Curd	112
228	2025-01-29	Paneer	135
229	2025-01-29	Butter	84
230	2025-01-29	Cheese	116
231	2025-01-29	Samosa	113
232	2025-01-29	Kachori	133
233	2025-01-29	Dhokla	133
234	2025-01-29	Vada Pav	53
235	2025-01-29	Pani Puri	121
236	2025-01-29	Cookies	124
237	2025-01-29	Masala Puri	98
238	2025-01-29	Samosa Chaat	126
239	2025-01-29	Small Mixture	88
240	2025-01-29	Tomato Ketchup	68
241	2025-01-30	Milk Bread	149
242	2025-01-30	Brown Bread	73
243	2025-01-30	Multigrain Bread	70
244	2025-01-30	Pav Bun	80
245	2025-01-30	Plain Cake	135
246	2025-01-30	Chilli Sauce	93
247	2025-01-30	Rasgulla	129
248	2025-01-30	Jalebi	113
249	2025-01-30	Soy Sauce	106
250	2025-01-30	Water	136
251	2025-01-30	Chocolate Cake	80
252	2025-01-30	Vanilla Cake	124
253	2025-01-30	Black Forest Cake	94
254	2025-01-30	Pineapple Cake	75
255	2025-01-30	Red Velvet Cake	135
256	2025-01-30	Milk	89
257	2025-01-30	Curd	129
258	2025-01-30	Paneer	66
259	2025-01-30	Butter	91
260	2025-01-30	Cheese	118
261	2025-01-30	Samosa	65
262	2025-01-30	Kachori	123
263	2025-01-30	Dhokla	77
264	2025-01-30	Vada Pav	94
265	2025-01-30	Pani Puri	104
266	2025-01-30	Cookies	147
267	2025-01-30	Masala Puri	56
268	2025-01-30	Samosa Chaat	97
269	2025-01-30	Small Mixture	105
270	2025-01-30	Tomato Ketchup	80
271	2025-01-31	Milk Bread	98
272	2025-01-31	Brown Bread	77
273	2025-01-31	Multigrain Bread	145
274	2025-01-31	Pav Bun	71
275	2025-01-31	Plain Cake	87
276	2025-01-31	Chilli Sauce	57
277	2025-01-31	Rasgulla	145
278	2025-01-31	Jalebi	102
279	2025-01-31	Soy Sauce	143
280	2025-01-31	Water	90
281	2025-01-31	Chocolate Cake	133
282	2025-01-31	Vanilla Cake	122
283	2025-01-31	Black Forest Cake	55
284	2025-01-31	Pineapple Cake	68
285	2025-01-31	Red Velvet Cake	67
286	2025-01-31	Milk	85
287	2025-01-31	Curd	62
288	2025-01-31	Paneer	68
289	2025-01-31	Butter	92
290	2025-01-31	Cheese	74
291	2025-01-31	Samosa	97
292	2025-01-31	Kachori	89
293	2025-01-31	Dhokla	123
294	2025-01-31	Vada Pav	139
295	2025-01-31	Pani Puri	139
296	2025-01-31	Cookies	92
297	2025-01-31	Masala Puri	81
298	2025-01-31	Samosa Chaat	115
299	2025-01-31	Small Mixture	104
300	2025-01-31	Tomato Ketchup	68
301	2025-02-01	Milk Bread	99
302	2025-02-01	Brown Bread	82
303	2025-02-01	Multigrain Bread	129
304	2025-02-01	Pav Bun	142
305	2025-02-01	Plain Cake	190
306	2025-02-01	Chilli Sauce	82
307	2025-02-01	Rasgulla	163
308	2025-02-01	Jalebi	183
309	2025-02-01	Soy Sauce	208
310	2025-02-01	Water	174
311	2025-02-01	Chocolate Cake	97
312	2025-02-01	Vanilla Cake	121
313	2025-02-01	Black Forest Cake	160
314	2025-02-01	Pineapple Cake	126
315	2025-02-01	Red Velvet Cake	198
316	2025-02-01	Milk	85
317	2025-02-01	Curd	222
318	2025-02-01	Paneer	97
319	2025-02-01	Butter	90
320	2025-02-01	Cheese	222
321	2025-02-01	Samosa	87
322	2025-02-01	Kachori	219
323	2025-02-01	Dhokla	217
324	2025-02-01	Vada Pav	135
325	2025-02-01	Pani Puri	82
326	2025-02-01	Cookies	132
327	2025-02-01	Masala Puri	205
328	2025-02-01	Samosa Chaat	151
329	2025-02-01	Small Mixture	181
330	2025-02-01	Tomato Ketchup	91
331	2025-02-02	Milk Bread	168
332	2025-02-02	Brown Bread	88
333	2025-02-02	Multigrain Bread	133
334	2025-02-02	Pav Bun	136
335	2025-02-02	Plain Cake	112
336	2025-02-02	Chilli Sauce	148
337	2025-02-02	Rasgulla	210
338	2025-02-02	Jalebi	210
339	2025-02-02	Soy Sauce	136
340	2025-02-02	Water	76
341	2025-02-02	Chocolate Cake	202
342	2025-02-02	Vanilla Cake	165
343	2025-02-02	Black Forest Cake	205
344	2025-02-02	Pineapple Cake	219
345	2025-02-02	Red Velvet Cake	88
346	2025-02-02	Milk	79
347	2025-02-02	Curd	135
348	2025-02-02	Paneer	75
349	2025-02-02	Butter	87
350	2025-02-02	Cheese	189
351	2025-02-02	Samosa	105
352	2025-02-02	Kachori	145
353	2025-02-02	Dhokla	183
354	2025-02-02	Vada Pav	90
355	2025-02-02	Pani Puri	81
356	2025-02-02	Cookies	166
357	2025-02-02	Masala Puri	217
358	2025-02-02	Samosa Chaat	87
359	2025-02-02	Small Mixture	174
360	2025-02-02	Tomato Ketchup	94
361	2025-02-03	Milk Bread	66
362	2025-02-03	Brown Bread	56
363	2025-02-03	Multigrain Bread	87
364	2025-02-03	Pav Bun	145
365	2025-02-03	Plain Cake	72
366	2025-02-03	Chilli Sauce	77
367	2025-02-03	Rasgulla	61
368	2025-02-03	Jalebi	70
369	2025-02-03	Soy Sauce	148
370	2025-02-03	Water	132
371	2025-02-03	Chocolate Cake	76
372	2025-02-03	Vanilla Cake	73
373	2025-02-03	Black Forest Cake	117
374	2025-02-03	Pineapple Cake	103
375	2025-02-03	Red Velvet Cake	119
376	2025-02-03	Milk	137
377	2025-02-03	Curd	143
378	2025-02-03	Paneer	136
379	2025-02-03	Butter	135
380	2025-02-03	Cheese	131
381	2025-02-03	Samosa	54
382	2025-02-03	Kachori	96
383	2025-02-03	Dhokla	53
384	2025-02-03	Vada Pav	109
385	2025-02-03	Pani Puri	108
386	2025-02-03	Cookies	63
387	2025-02-03	Masala Puri	53
388	2025-02-03	Samosa Chaat	117
389	2025-02-03	Small Mixture	70
390	2025-02-03	Tomato Ketchup	54
391	2025-02-04	Milk Bread	67
392	2025-02-04	Brown Bread	127
393	2025-02-04	Multigrain Bread	78
394	2025-02-04	Pav Bun	57
395	2025-02-04	Plain Cake	58
396	2025-02-04	Chilli Sauce	51
397	2025-02-04	Rasgulla	74
398	2025-02-04	Jalebi	80
399	2025-02-04	Soy Sauce	101
400	2025-02-04	Water	65
401	2025-02-04	Chocolate Cake	109
402	2025-02-04	Vanilla Cake	107
403	2025-02-04	Black Forest Cake	126
404	2025-02-04	Pineapple Cake	118
405	2025-02-04	Red Velvet Cake	100
406	2025-02-04	Milk	87
407	2025-02-04	Curd	90
408	2025-02-04	Paneer	133
409	2025-02-04	Butter	136
410	2025-02-04	Cheese	118
411	2025-02-04	Samosa	66
412	2025-02-04	Kachori	70
413	2025-02-04	Dhokla	75
414	2025-02-04	Vada Pav	133
415	2025-02-04	Pani Puri	111
416	2025-02-04	Cookies	132
417	2025-02-04	Masala Puri	93
418	2025-02-04	Samosa Chaat	56
419	2025-02-04	Small Mixture	113
420	2025-02-04	Tomato Ketchup	146
421	2025-02-05	Milk Bread	111
422	2025-02-05	Brown Bread	53
423	2025-02-05	Multigrain Bread	121
424	2025-02-05	Pav Bun	125
425	2025-02-05	Plain Cake	100
426	2025-02-05	Chilli Sauce	96
427	2025-02-05	Rasgulla	130
428	2025-02-05	Jalebi	141
429	2025-02-05	Soy Sauce	107
430	2025-02-05	Water	128
431	2025-02-05	Chocolate Cake	113
432	2025-02-05	Vanilla Cake	53
433	2025-02-05	Black Forest Cake	144
434	2025-02-05	Pineapple Cake	86
435	2025-02-05	Red Velvet Cake	56
436	2025-02-05	Milk	84
437	2025-02-05	Curd	118
438	2025-02-05	Paneer	92
439	2025-02-05	Butter	74
440	2025-02-05	Cheese	100
441	2025-02-05	Samosa	58
442	2025-02-05	Kachori	88
443	2025-02-05	Dhokla	81
444	2025-02-05	Vada Pav	145
445	2025-02-05	Pani Puri	113
446	2025-02-05	Cookies	68
447	2025-02-05	Masala Puri	84
448	2025-02-05	Samosa Chaat	78
449	2025-02-05	Small Mixture	56
450	2025-02-05	Tomato Ketchup	66
451	2025-02-06	Milk Bread	60
452	2025-02-06	Brown Bread	115
453	2025-02-06	Multigrain Bread	125
454	2025-02-06	Pav Bun	131
455	2025-02-06	Plain Cake	118
456	2025-02-06	Chilli Sauce	118
457	2025-02-06	Rasgulla	51
458	2025-02-06	Jalebi	141
459	2025-02-06	Soy Sauce	101
460	2025-02-06	Water	67
461	2025-02-06	Chocolate Cake	130
462	2025-02-06	Vanilla Cake	55
463	2025-02-06	Black Forest Cake	89
464	2025-02-06	Pineapple Cake	80
465	2025-02-06	Red Velvet Cake	123
466	2025-02-06	Milk	90
467	2025-02-06	Curd	71
468	2025-02-06	Paneer	148
469	2025-02-06	Butter	81
470	2025-02-06	Cheese	58
471	2025-02-06	Samosa	89
472	2025-02-06	Kachori	129
473	2025-02-06	Dhokla	72
474	2025-02-06	Vada Pav	87
475	2025-02-06	Pani Puri	85
476	2025-02-06	Cookies	114
477	2025-02-06	Masala Puri	86
478	2025-02-06	Samosa Chaat	64
479	2025-02-06	Small Mixture	123
480	2025-02-06	Tomato Ketchup	86
481	2025-02-07	Milk Bread	125
482	2025-02-07	Brown Bread	131
483	2025-02-07	Multigrain Bread	117
484	2025-02-07	Pav Bun	96
485	2025-02-07	Plain Cake	126
486	2025-02-07	Chilli Sauce	86
487	2025-02-07	Rasgulla	128
488	2025-02-07	Jalebi	62
489	2025-02-07	Soy Sauce	84
490	2025-02-07	Water	59
491	2025-02-07	Chocolate Cake	59
492	2025-02-07	Vanilla Cake	143
493	2025-02-07	Black Forest Cake	93
494	2025-02-07	Pineapple Cake	135
495	2025-02-07	Red Velvet Cake	74
496	2025-02-07	Milk	115
497	2025-02-07	Curd	50
498	2025-02-07	Paneer	70
499	2025-02-07	Butter	107
500	2025-02-07	Cheese	70
501	2025-02-07	Samosa	75
502	2025-02-07	Kachori	110
503	2025-02-07	Dhokla	82
504	2025-02-07	Vada Pav	62
505	2025-02-07	Pani Puri	117
506	2025-02-07	Cookies	63
507	2025-02-07	Masala Puri	53
508	2025-02-07	Samosa Chaat	105
509	2025-02-07	Small Mixture	93
510	2025-02-07	Tomato Ketchup	86
511	2025-02-08	Milk Bread	124
512	2025-02-08	Brown Bread	97
513	2025-02-08	Multigrain Bread	124
514	2025-02-08	Pav Bun	172
515	2025-02-08	Plain Cake	87
516	2025-02-08	Chilli Sauce	166
517	2025-02-08	Rasgulla	195
518	2025-02-08	Jalebi	222
519	2025-02-08	Soy Sauce	108
520	2025-02-08	Water	133
521	2025-02-08	Chocolate Cake	99
522	2025-02-08	Vanilla Cake	94
523	2025-02-08	Black Forest Cake	163
524	2025-02-08	Pineapple Cake	193
525	2025-02-08	Red Velvet Cake	124
526	2025-02-08	Milk	135
527	2025-02-08	Curd	181
528	2025-02-08	Paneer	144
529	2025-02-08	Butter	181
530	2025-02-08	Cheese	91
531	2025-02-08	Samosa	175
532	2025-02-08	Kachori	117
533	2025-02-08	Dhokla	177
534	2025-02-08	Vada Pav	172
535	2025-02-08	Pani Puri	121
536	2025-02-08	Cookies	109
537	2025-02-08	Masala Puri	174
538	2025-02-08	Samosa Chaat	118
539	2025-02-08	Small Mixture	130
540	2025-02-08	Tomato Ketchup	157
541	2025-02-09	Milk Bread	103
542	2025-02-09	Brown Bread	112
543	2025-02-09	Multigrain Bread	112
544	2025-02-09	Pav Bun	118
545	2025-02-09	Plain Cake	144
546	2025-02-09	Chilli Sauce	213
547	2025-02-09	Rasgulla	172
548	2025-02-09	Jalebi	181
549	2025-02-09	Soy Sauce	132
550	2025-02-09	Water	91
551	2025-02-09	Chocolate Cake	135
552	2025-02-09	Vanilla Cake	87
553	2025-02-09	Black Forest Cake	208
554	2025-02-09	Pineapple Cake	163
555	2025-02-09	Red Velvet Cake	106
556	2025-02-09	Milk	109
557	2025-02-09	Curd	82
558	2025-02-09	Paneer	186
559	2025-02-09	Butter	198
560	2025-02-09	Cheese	178
561	2025-02-09	Samosa	118
562	2025-02-09	Kachori	168
563	2025-02-09	Dhokla	220
564	2025-02-09	Vada Pav	112
565	2025-02-09	Pani Puri	211
566	2025-02-09	Cookies	205
567	2025-02-09	Masala Puri	184
568	2025-02-09	Samosa Chaat	81
569	2025-02-09	Small Mixture	132
570	2025-02-09	Tomato Ketchup	223
571	2025-02-10	Milk Bread	65
572	2025-02-10	Brown Bread	99
573	2025-02-10	Multigrain Bread	148
574	2025-02-10	Pav Bun	62
575	2025-02-10	Plain Cake	108
576	2025-02-10	Chilli Sauce	94
577	2025-02-10	Rasgulla	90
578	2025-02-10	Jalebi	67
579	2025-02-10	Soy Sauce	146
580	2025-02-10	Water	90
581	2025-02-10	Chocolate Cake	99
582	2025-02-10	Vanilla Cake	119
583	2025-02-10	Black Forest Cake	69
584	2025-02-10	Pineapple Cake	50
585	2025-02-10	Red Velvet Cake	69
586	2025-02-10	Milk	146
587	2025-02-10	Curd	123
588	2025-02-10	Paneer	149
589	2025-02-10	Butter	98
590	2025-02-10	Cheese	94
591	2025-02-10	Samosa	122
592	2025-02-10	Kachori	73
593	2025-02-10	Dhokla	128
594	2025-02-10	Vada Pav	88
595	2025-02-10	Pani Puri	85
596	2025-02-10	Cookies	62
597	2025-02-10	Masala Puri	143
598	2025-02-10	Samosa Chaat	92
599	2025-02-10	Small Mixture	78
600	2025-02-10	Tomato Ketchup	116
601	2025-02-11	Milk Bread	126
602	2025-02-11	Brown Bread	146
603	2025-02-11	Multigrain Bread	114
604	2025-02-11	Pav Bun	122
605	2025-02-11	Plain Cake	142
606	2025-02-11	Chilli Sauce	63
607	2025-02-11	Rasgulla	60
608	2025-02-11	Jalebi	86
609	2025-02-11	Soy Sauce	84
610	2025-02-11	Water	50
611	2025-02-11	Chocolate Cake	104
612	2025-02-11	Vanilla Cake	126
613	2025-02-11	Black Forest Cake	60
614	2025-02-11	Pineapple Cake	88
615	2025-02-11	Red Velvet Cake	134
616	2025-02-11	Milk	130
617	2025-02-11	Curd	132
618	2025-02-11	Paneer	134
619	2025-02-11	Butter	126
620	2025-02-11	Cheese	130
621	2025-02-11	Samosa	101
622	2025-02-11	Kachori	82
623	2025-02-11	Dhokla	72
624	2025-02-11	Vada Pav	126
625	2025-02-11	Pani Puri	133
626	2025-02-11	Cookies	87
627	2025-02-11	Masala Puri	62
628	2025-02-11	Samosa Chaat	88
629	2025-02-11	Small Mixture	146
630	2025-02-11	Tomato Ketchup	113
631	2025-02-12	Milk Bread	59
632	2025-02-12	Brown Bread	56
633	2025-02-12	Multigrain Bread	77
634	2025-02-12	Pav Bun	132
635	2025-02-12	Plain Cake	93
636	2025-02-12	Chilli Sauce	73
637	2025-02-12	Rasgulla	81
638	2025-02-12	Jalebi	79
639	2025-02-12	Soy Sauce	70
640	2025-02-12	Water	93
641	2025-02-12	Chocolate Cake	52
642	2025-02-12	Vanilla Cake	69
643	2025-02-12	Black Forest Cake	52
644	2025-02-12	Pineapple Cake	86
645	2025-02-12	Red Velvet Cake	60
646	2025-02-12	Milk	67
647	2025-02-12	Curd	84
648	2025-02-12	Paneer	73
649	2025-02-12	Butter	133
650	2025-02-12	Cheese	70
651	2025-02-12	Samosa	59
652	2025-02-12	Kachori	130
653	2025-02-12	Dhokla	63
654	2025-02-12	Vada Pav	63
655	2025-02-12	Pani Puri	146
656	2025-02-12	Cookies	88
657	2025-02-12	Masala Puri	83
658	2025-02-12	Samosa Chaat	79
659	2025-02-12	Small Mixture	121
660	2025-02-12	Tomato Ketchup	63
661	2025-02-13	Milk Bread	51
662	2025-02-13	Brown Bread	147
663	2025-02-13	Multigrain Bread	123
664	2025-02-13	Pav Bun	103
665	2025-02-13	Plain Cake	110
666	2025-02-13	Chilli Sauce	121
667	2025-02-13	Rasgulla	133
668	2025-02-13	Jalebi	99
669	2025-02-13	Soy Sauce	148
670	2025-02-13	Water	127
671	2025-02-13	Chocolate Cake	82
672	2025-02-13	Vanilla Cake	100
673	2025-02-13	Black Forest Cake	127
674	2025-02-13	Pineapple Cake	102
675	2025-02-13	Red Velvet Cake	64
676	2025-02-13	Milk	53
677	2025-02-13	Curd	73
678	2025-02-13	Paneer	88
679	2025-02-13	Butter	135
680	2025-02-13	Cheese	127
681	2025-02-13	Samosa	148
682	2025-02-13	Kachori	141
683	2025-02-13	Dhokla	87
684	2025-02-13	Vada Pav	113
685	2025-02-13	Pani Puri	110
686	2025-02-13	Cookies	90
687	2025-02-13	Masala Puri	98
688	2025-02-13	Samosa Chaat	72
689	2025-02-13	Small Mixture	56
690	2025-02-13	Tomato Ketchup	90
691	2025-02-14	Milk Bread	71
692	2025-02-14	Brown Bread	62
693	2025-02-14	Multigrain Bread	51
694	2025-02-14	Pav Bun	120
695	2025-02-14	Plain Cake	99
696	2025-02-14	Chilli Sauce	60
697	2025-02-14	Rasgulla	83
698	2025-02-14	Jalebi	114
699	2025-02-14	Soy Sauce	68
700	2025-02-14	Water	61
701	2025-02-14	Chocolate Cake	142
702	2025-02-14	Vanilla Cake	113
703	2025-02-14	Black Forest Cake	92
704	2025-02-14	Pineapple Cake	51
705	2025-02-14	Red Velvet Cake	71
706	2025-02-14	Milk	149
707	2025-02-14	Curd	89
708	2025-02-14	Paneer	95
709	2025-02-14	Butter	147
710	2025-02-14	Cheese	73
711	2025-02-14	Samosa	89
712	2025-02-14	Kachori	95
713	2025-02-14	Dhokla	102
714	2025-02-14	Vada Pav	53
715	2025-02-14	Pani Puri	122
716	2025-02-14	Cookies	112
717	2025-02-14	Masala Puri	105
718	2025-02-14	Samosa Chaat	109
719	2025-02-14	Small Mixture	123
720	2025-02-14	Tomato Ketchup	97
721	2025-02-15	Milk Bread	156
722	2025-02-15	Brown Bread	178
723	2025-02-15	Multigrain Bread	112
724	2025-02-15	Pav Bun	153
725	2025-02-15	Plain Cake	174
726	2025-02-15	Chilli Sauce	211
727	2025-02-15	Rasgulla	184
728	2025-02-15	Jalebi	105
729	2025-02-15	Soy Sauce	85
730	2025-02-15	Water	190
731	2025-02-15	Chocolate Cake	211
732	2025-02-15	Vanilla Cake	205
733	2025-02-15	Black Forest Cake	108
734	2025-02-15	Pineapple Cake	76
735	2025-02-15	Red Velvet Cake	141
736	2025-02-15	Milk	214
737	2025-02-15	Curd	130
738	2025-02-15	Paneer	165
739	2025-02-15	Butter	190
740	2025-02-15	Cheese	208
741	2025-02-15	Samosa	109
742	2025-02-15	Kachori	199
743	2025-02-15	Dhokla	223
744	2025-02-15	Vada Pav	199
745	2025-02-15	Pani Puri	177
746	2025-02-15	Cookies	156
747	2025-02-15	Masala Puri	148
748	2025-02-15	Samosa Chaat	102
749	2025-02-15	Small Mixture	189
750	2025-02-15	Tomato Ketchup	142
751	2025-02-16	Milk Bread	163
752	2025-02-16	Brown Bread	85
753	2025-02-16	Multigrain Bread	85
754	2025-02-16	Pav Bun	183
755	2025-02-16	Plain Cake	187
756	2025-02-16	Chilli Sauce	141
757	2025-02-16	Rasgulla	121
758	2025-02-16	Jalebi	205
759	2025-02-16	Soy Sauce	130
760	2025-02-16	Water	129
761	2025-02-16	Chocolate Cake	139
762	2025-02-16	Vanilla Cake	91
763	2025-02-16	Black Forest Cake	96
764	2025-02-16	Pineapple Cake	85
765	2025-02-16	Red Velvet Cake	91
766	2025-02-16	Milk	189
767	2025-02-16	Curd	210
768	2025-02-16	Paneer	207
769	2025-02-16	Butter	193
770	2025-02-16	Cheese	145
771	2025-02-16	Samosa	193
772	2025-02-16	Kachori	120
773	2025-02-16	Dhokla	216
774	2025-02-16	Vada Pav	190
775	2025-02-16	Pani Puri	105
776	2025-02-16	Cookies	207
777	2025-02-16	Masala Puri	91
778	2025-02-16	Samosa Chaat	96
779	2025-02-16	Small Mixture	115
780	2025-02-16	Tomato Ketchup	210
781	2025-02-17	Milk Bread	54
782	2025-02-17	Brown Bread	80
783	2025-02-17	Multigrain Bread	121
784	2025-02-17	Pav Bun	118
785	2025-02-17	Plain Cake	59
786	2025-02-17	Chilli Sauce	83
787	2025-02-17	Rasgulla	118
788	2025-02-17	Jalebi	93
789	2025-02-17	Soy Sauce	106
790	2025-02-17	Water	76
791	2025-02-17	Chocolate Cake	86
792	2025-02-17	Vanilla Cake	135
793	2025-02-17	Black Forest Cake	120
794	2025-02-17	Pineapple Cake	133
795	2025-02-17	Red Velvet Cake	71
796	2025-02-17	Milk	52
797	2025-02-17	Curd	57
798	2025-02-17	Paneer	54
799	2025-02-17	Butter	143
800	2025-02-17	Cheese	83
801	2025-02-17	Samosa	75
802	2025-02-17	Kachori	146
803	2025-02-17	Dhokla	107
804	2025-02-17	Vada Pav	136
805	2025-02-17	Pani Puri	142
806	2025-02-17	Cookies	89
807	2025-02-17	Masala Puri	55
808	2025-02-17	Samosa Chaat	124
809	2025-02-17	Small Mixture	135
810	2025-02-17	Tomato Ketchup	139
811	2025-02-18	Milk Bread	53
812	2025-02-18	Brown Bread	69
813	2025-02-18	Multigrain Bread	67
814	2025-02-18	Pav Bun	124
815	2025-02-18	Plain Cake	57
816	2025-02-18	Chilli Sauce	95
817	2025-02-18	Rasgulla	129
818	2025-02-18	Jalebi	94
819	2025-02-18	Soy Sauce	106
820	2025-02-18	Water	63
821	2025-02-18	Chocolate Cake	149
822	2025-02-18	Vanilla Cake	50
823	2025-02-18	Black Forest Cake	148
824	2025-02-18	Pineapple Cake	50
825	2025-02-18	Red Velvet Cake	53
826	2025-02-18	Milk	148
827	2025-02-18	Curd	77
828	2025-02-18	Paneer	144
829	2025-02-18	Butter	141
830	2025-02-18	Cheese	111
831	2025-02-18	Samosa	109
832	2025-02-18	Kachori	120
833	2025-02-18	Dhokla	101
834	2025-02-18	Vada Pav	132
835	2025-02-18	Pani Puri	53
836	2025-02-18	Cookies	102
837	2025-02-18	Masala Puri	149
838	2025-02-18	Samosa Chaat	80
839	2025-02-18	Small Mixture	106
840	2025-02-18	Tomato Ketchup	95
841	2025-02-19	Milk Bread	98
842	2025-02-19	Brown Bread	78
843	2025-02-19	Multigrain Bread	85
844	2025-02-19	Pav Bun	140
845	2025-02-19	Plain Cake	57
846	2025-02-19	Chilli Sauce	115
847	2025-02-19	Rasgulla	99
848	2025-02-19	Jalebi	63
849	2025-02-19	Soy Sauce	89
850	2025-02-19	Water	144
851	2025-02-19	Chocolate Cake	65
852	2025-02-19	Vanilla Cake	123
853	2025-02-19	Black Forest Cake	134
854	2025-02-19	Pineapple Cake	84
855	2025-02-19	Red Velvet Cake	83
856	2025-02-19	Milk	77
857	2025-02-19	Curd	130
858	2025-02-19	Paneer	102
859	2025-02-19	Butter	61
860	2025-02-19	Cheese	124
861	2025-02-19	Samosa	67
862	2025-02-19	Kachori	109
863	2025-02-19	Dhokla	116
864	2025-02-19	Vada Pav	121
865	2025-02-19	Pani Puri	69
866	2025-02-19	Cookies	126
867	2025-02-19	Masala Puri	84
868	2025-02-19	Samosa Chaat	81
869	2025-02-19	Small Mixture	64
870	2025-02-19	Tomato Ketchup	59
871	2025-02-20	Milk Bread	74
872	2025-02-20	Brown Bread	123
873	2025-02-20	Multigrain Bread	146
874	2025-02-20	Pav Bun	66
875	2025-02-20	Plain Cake	125
876	2025-02-20	Chilli Sauce	139
877	2025-02-20	Rasgulla	85
878	2025-02-20	Jalebi	57
879	2025-02-20	Soy Sauce	128
880	2025-02-20	Water	128
881	2025-02-20	Chocolate Cake	70
882	2025-02-20	Vanilla Cake	67
883	2025-02-20	Black Forest Cake	87
884	2025-02-20	Pineapple Cake	106
885	2025-02-20	Red Velvet Cake	52
886	2025-02-20	Milk	134
887	2025-02-20	Curd	122
888	2025-02-20	Paneer	101
889	2025-02-20	Butter	112
890	2025-02-20	Cheese	60
891	2025-02-20	Samosa	63
892	2025-02-20	Kachori	85
893	2025-02-20	Dhokla	63
894	2025-02-20	Vada Pav	53
895	2025-02-20	Pani Puri	57
896	2025-02-20	Cookies	103
897	2025-02-20	Masala Puri	88
898	2025-02-20	Samosa Chaat	60
899	2025-02-20	Small Mixture	73
900	2025-02-20	Tomato Ketchup	58
901	2025-02-21	Milk Bread	142
902	2025-02-21	Brown Bread	128
903	2025-02-21	Multigrain Bread	148
904	2025-02-21	Pav Bun	148
905	2025-02-21	Plain Cake	120
906	2025-02-21	Chilli Sauce	58
907	2025-02-21	Rasgulla	74
908	2025-02-21	Jalebi	115
909	2025-02-21	Soy Sauce	64
910	2025-02-21	Water	94
911	2025-02-21	Chocolate Cake	102
912	2025-02-21	Vanilla Cake	60
913	2025-02-21	Black Forest Cake	135
914	2025-02-21	Pineapple Cake	82
915	2025-02-21	Red Velvet Cake	86
916	2025-02-21	Milk	54
917	2025-02-21	Curd	116
918	2025-02-21	Paneer	149
919	2025-02-21	Butter	148
920	2025-02-21	Cheese	80
921	2025-02-21	Samosa	121
922	2025-02-21	Kachori	77
923	2025-02-21	Dhokla	80
924	2025-02-21	Vada Pav	134
925	2025-02-21	Pani Puri	69
926	2025-02-21	Cookies	124
927	2025-02-21	Masala Puri	80
928	2025-02-21	Samosa Chaat	112
929	2025-02-21	Small Mixture	117
930	2025-02-21	Tomato Ketchup	50
931	2025-02-22	Milk Bread	223
932	2025-02-22	Brown Bread	111
933	2025-02-22	Multigrain Bread	210
934	2025-02-22	Pav Bun	198
935	2025-02-22	Plain Cake	94
936	2025-02-22	Chilli Sauce	75
937	2025-02-22	Rasgulla	193
938	2025-02-22	Jalebi	204
939	2025-02-22	Soy Sauce	156
940	2025-02-22	Water	88
941	2025-02-22	Chocolate Cake	144
942	2025-02-22	Vanilla Cake	166
943	2025-02-22	Black Forest Cake	132
944	2025-02-22	Pineapple Cake	129
945	2025-02-22	Red Velvet Cake	160
946	2025-02-22	Milk	109
947	2025-02-22	Curd	124
948	2025-02-22	Paneer	138
949	2025-02-22	Butter	126
950	2025-02-22	Cheese	87
951	2025-02-22	Samosa	138
952	2025-02-22	Kachori	108
953	2025-02-22	Dhokla	204
954	2025-02-22	Vada Pav	199
955	2025-02-22	Pani Puri	112
956	2025-02-22	Cookies	118
957	2025-02-22	Masala Puri	172
958	2025-02-22	Samosa Chaat	76
959	2025-02-22	Small Mixture	79
960	2025-02-22	Tomato Ketchup	201
961	2025-02-23	Milk Bread	150
962	2025-02-23	Brown Bread	88
963	2025-02-23	Multigrain Bread	196
964	2025-02-23	Pav Bun	114
965	2025-02-23	Plain Cake	130
966	2025-02-23	Chilli Sauce	75
967	2025-02-23	Rasgulla	82
968	2025-02-23	Jalebi	205
969	2025-02-23	Soy Sauce	109
970	2025-02-23	Water	114
971	2025-02-23	Chocolate Cake	100
972	2025-02-23	Vanilla Cake	121
973	2025-02-23	Black Forest Cake	76
974	2025-02-23	Pineapple Cake	114
975	2025-02-23	Red Velvet Cake	166
976	2025-02-23	Milk	196
977	2025-02-23	Curd	79
978	2025-02-23	Paneer	186
979	2025-02-23	Butter	120
980	2025-02-23	Cheese	136
981	2025-02-23	Samosa	88
982	2025-02-23	Kachori	93
983	2025-02-23	Dhokla	208
984	2025-02-23	Vada Pav	138
985	2025-02-23	Pani Puri	99
986	2025-02-23	Cookies	190
987	2025-02-23	Masala Puri	102
988	2025-02-23	Samosa Chaat	121
989	2025-02-23	Small Mixture	136
990	2025-02-23	Tomato Ketchup	198
991	2025-02-24	Milk Bread	103
992	2025-02-24	Brown Bread	73
993	2025-02-24	Multigrain Bread	57
994	2025-02-24	Pav Bun	124
995	2025-02-24	Plain Cake	92
996	2025-02-24	Chilli Sauce	51
997	2025-02-24	Rasgulla	116
998	2025-02-24	Jalebi	141
999	2025-02-24	Soy Sauce	119
1000	2025-02-24	Water	121
1001	2025-02-24	Chocolate Cake	75
1002	2025-02-24	Vanilla Cake	147
1003	2025-02-24	Black Forest Cake	84
1004	2025-02-24	Pineapple Cake	139
1005	2025-02-24	Red Velvet Cake	118
1006	2025-02-24	Milk	135
1007	2025-02-24	Curd	131
1008	2025-02-24	Paneer	130
1009	2025-02-24	Butter	121
1010	2025-02-24	Cheese	100
1011	2025-02-24	Samosa	95
1012	2025-02-24	Kachori	58
1013	2025-02-24	Dhokla	112
1014	2025-02-24	Vada Pav	74
1015	2025-02-24	Pani Puri	93
1016	2025-02-24	Cookies	93
1017	2025-02-24	Masala Puri	79
1018	2025-02-24	Samosa Chaat	139
1019	2025-02-24	Small Mixture	78
1020	2025-02-24	Tomato Ketchup	86
1021	2025-02-25	Milk Bread	51
1022	2025-02-25	Brown Bread	75
1023	2025-02-25	Multigrain Bread	67
1024	2025-02-25	Pav Bun	142
1025	2025-02-25	Plain Cake	118
1026	2025-02-25	Chilli Sauce	118
1027	2025-02-25	Rasgulla	56
1028	2025-02-25	Jalebi	129
1029	2025-02-25	Soy Sauce	135
1030	2025-02-25	Water	143
1031	2025-02-25	Chocolate Cake	124
1032	2025-02-25	Vanilla Cake	102
1033	2025-02-25	Black Forest Cake	140
1034	2025-02-25	Pineapple Cake	122
1035	2025-02-25	Red Velvet Cake	118
1036	2025-02-25	Milk	51
1037	2025-02-25	Curd	73
1038	2025-02-25	Paneer	101
1039	2025-02-25	Butter	143
1040	2025-02-25	Cheese	118
1041	2025-02-25	Samosa	66
1042	2025-02-25	Kachori	101
1043	2025-02-25	Dhokla	119
1044	2025-02-25	Vada Pav	128
1045	2025-02-25	Pani Puri	106
1046	2025-02-25	Cookies	99
1047	2025-02-25	Masala Puri	54
1048	2025-02-25	Samosa Chaat	87
1049	2025-02-25	Small Mixture	59
1050	2025-02-25	Tomato Ketchup	69
1051	2025-02-26	Milk Bread	147
1052	2025-02-26	Brown Bread	95
1053	2025-02-26	Multigrain Bread	50
1054	2025-02-26	Pav Bun	97
1055	2025-02-26	Plain Cake	131
1056	2025-02-26	Chilli Sauce	62
1057	2025-02-26	Rasgulla	131
1058	2025-02-26	Jalebi	102
1059	2025-02-26	Soy Sauce	62
1060	2025-02-26	Water	61
1061	2025-02-26	Chocolate Cake	91
1062	2025-02-26	Vanilla Cake	101
1063	2025-02-26	Black Forest Cake	85
1064	2025-02-26	Pineapple Cake	147
1065	2025-02-26	Red Velvet Cake	110
1066	2025-02-26	Milk	117
1067	2025-02-26	Curd	127
1068	2025-02-26	Paneer	104
1069	2025-02-26	Butter	50
1070	2025-02-26	Cheese	143
1071	2025-02-26	Samosa	118
1072	2025-02-26	Kachori	59
1073	2025-02-26	Dhokla	132
1074	2025-02-26	Vada Pav	97
1075	2025-02-26	Pani Puri	134
1076	2025-02-26	Cookies	102
1077	2025-02-26	Masala Puri	97
1078	2025-02-26	Samosa Chaat	135
1079	2025-02-26	Small Mixture	60
1080	2025-02-26	Tomato Ketchup	92
1081	2025-02-27	Milk Bread	73
1082	2025-02-27	Brown Bread	101
1083	2025-02-27	Multigrain Bread	62
1084	2025-02-27	Pav Bun	114
1085	2025-02-27	Plain Cake	100
1086	2025-02-27	Chilli Sauce	88
1087	2025-02-27	Rasgulla	75
1088	2025-02-27	Jalebi	58
1089	2025-02-27	Soy Sauce	76
1090	2025-02-27	Water	116
1091	2025-02-27	Chocolate Cake	94
1092	2025-02-27	Vanilla Cake	140
1093	2025-02-27	Black Forest Cake	94
1094	2025-02-27	Pineapple Cake	132
1095	2025-02-27	Red Velvet Cake	104
1096	2025-02-27	Milk	92
1097	2025-02-27	Curd	108
1098	2025-02-27	Paneer	148
1099	2025-02-27	Butter	58
1100	2025-02-27	Cheese	65
1101	2025-02-27	Samosa	54
1102	2025-02-27	Kachori	96
1103	2025-02-27	Dhokla	124
1104	2025-02-27	Vada Pav	121
1105	2025-02-27	Pani Puri	77
1106	2025-02-27	Cookies	57
1107	2025-02-27	Masala Puri	109
1108	2025-02-27	Samosa Chaat	110
1109	2025-02-27	Small Mixture	110
1110	2025-02-27	Tomato Ketchup	95
1111	2025-02-28	Milk Bread	131
1112	2025-02-28	Brown Bread	85
1113	2025-02-28	Multigrain Bread	83
1114	2025-02-28	Pav Bun	124
1115	2025-02-28	Plain Cake	61
1116	2025-02-28	Chilli Sauce	106
1117	2025-02-28	Rasgulla	133
1118	2025-02-28	Jalebi	69
1119	2025-02-28	Soy Sauce	81
1120	2025-02-28	Water	84
1121	2025-02-28	Chocolate Cake	138
1122	2025-02-28	Vanilla Cake	144
1123	2025-02-28	Black Forest Cake	130
1124	2025-02-28	Pineapple Cake	55
1125	2025-02-28	Red Velvet Cake	79
1126	2025-02-28	Milk	127
1127	2025-02-28	Curd	135
1128	2025-02-28	Paneer	88
1129	2025-02-28	Butter	110
1130	2025-02-28	Cheese	119
1131	2025-02-28	Samosa	77
1132	2025-02-28	Kachori	106
1133	2025-02-28	Dhokla	109
1134	2025-02-28	Vada Pav	144
1135	2025-02-28	Pani Puri	88
1136	2025-02-28	Cookies	98
1137	2025-02-28	Masala Puri	131
1138	2025-02-28	Samosa Chaat	64
1139	2025-02-28	Small Mixture	95
1140	2025-02-28	Tomato Ketchup	62
1141	2025-03-01	Milk Bread	88
1142	2025-03-01	Brown Bread	136
1143	2025-03-01	Multigrain Bread	198
1144	2025-03-01	Pav Bun	210
1145	2025-03-01	Plain Cake	196
1146	2025-03-01	Chilli Sauce	103
1147	2025-03-01	Rasgulla	76
1148	2025-03-01	Jalebi	172
1149	2025-03-01	Soy Sauce	129
1150	2025-03-01	Water	124
1151	2025-03-01	Chocolate Cake	169
1152	2025-03-01	Vanilla Cake	211
1153	2025-03-01	Black Forest Cake	205
1154	2025-03-01	Pineapple Cake	193
1155	2025-03-01	Red Velvet Cake	133
1156	2025-03-01	Milk	219
1157	2025-03-01	Curd	157
1158	2025-03-01	Paneer	114
1159	2025-03-01	Butter	151
1160	2025-03-01	Cheese	157
1161	2025-03-01	Samosa	138
1162	2025-03-01	Kachori	165
1163	2025-03-01	Dhokla	169
1164	2025-03-01	Vada Pav	112
1165	2025-03-01	Pani Puri	91
1166	2025-03-01	Cookies	159
1167	2025-03-01	Masala Puri	126
1168	2025-03-01	Samosa Chaat	97
1169	2025-03-01	Small Mixture	217
1170	2025-03-01	Tomato Ketchup	115
1171	2025-03-02	Milk Bread	124
1172	2025-03-02	Brown Bread	75
1173	2025-03-02	Multigrain Bread	79
1174	2025-03-02	Pav Bun	100
1175	2025-03-02	Plain Cake	205
1176	2025-03-02	Chilli Sauce	94
1177	2025-03-02	Rasgulla	105
1178	2025-03-02	Jalebi	142
1179	2025-03-02	Soy Sauce	144
1180	2025-03-02	Water	174
1181	2025-03-02	Chocolate Cake	121
1182	2025-03-02	Vanilla Cake	192
1183	2025-03-02	Black Forest Cake	213
1184	2025-03-02	Pineapple Cake	184
1185	2025-03-02	Red Velvet Cake	211
1186	2025-03-02	Milk	111
1187	2025-03-02	Curd	199
1188	2025-03-02	Paneer	210
1189	2025-03-02	Butter	172
1190	2025-03-02	Cheese	183
1191	2025-03-02	Samosa	148
1192	2025-03-02	Kachori	174
1193	2025-03-02	Dhokla	141
1194	2025-03-02	Vada Pav	100
1195	2025-03-02	Pani Puri	166
1196	2025-03-02	Cookies	124
1197	2025-03-02	Masala Puri	141
1198	2025-03-02	Samosa Chaat	180
1199	2025-03-02	Small Mixture	204
1200	2025-03-02	Tomato Ketchup	169
1201	2025-03-03	Milk Bread	130
1202	2025-03-03	Brown Bread	102
1203	2025-03-03	Multigrain Bread	56
1204	2025-03-03	Pav Bun	58
1205	2025-03-03	Plain Cake	75
1206	2025-03-03	Chilli Sauce	135
1207	2025-03-03	Rasgulla	130
1208	2025-03-03	Jalebi	146
1209	2025-03-03	Soy Sauce	149
1210	2025-03-03	Water	125
1211	2025-03-03	Chocolate Cake	59
1212	2025-03-03	Vanilla Cake	60
1213	2025-03-03	Black Forest Cake	143
1214	2025-03-03	Pineapple Cake	66
1215	2025-03-03	Red Velvet Cake	109
1216	2025-03-03	Milk	75
1217	2025-03-03	Curd	111
1218	2025-03-03	Paneer	142
1219	2025-03-03	Butter	63
1220	2025-03-03	Cheese	140
1221	2025-03-03	Samosa	74
1222	2025-03-03	Kachori	93
1223	2025-03-03	Dhokla	134
1224	2025-03-03	Vada Pav	70
1225	2025-03-03	Pani Puri	81
1226	2025-03-03	Cookies	134
1227	2025-03-03	Masala Puri	134
1228	2025-03-03	Samosa Chaat	66
1229	2025-03-03	Small Mixture	126
1230	2025-03-03	Tomato Ketchup	55
1231	2025-03-04	Milk Bread	126
1232	2025-03-04	Brown Bread	76
1233	2025-03-04	Multigrain Bread	55
1234	2025-03-04	Pav Bun	139
1235	2025-03-04	Plain Cake	52
1236	2025-03-04	Chilli Sauce	118
1237	2025-03-04	Rasgulla	146
1238	2025-03-04	Jalebi	130
1239	2025-03-04	Soy Sauce	110
1240	2025-03-04	Water	77
1241	2025-03-04	Chocolate Cake	89
1242	2025-03-04	Vanilla Cake	56
1243	2025-03-04	Black Forest Cake	106
1244	2025-03-04	Pineapple Cake	77
1245	2025-03-04	Red Velvet Cake	103
1246	2025-03-04	Milk	60
1247	2025-03-04	Curd	78
1248	2025-03-04	Paneer	86
1249	2025-03-04	Butter	137
1250	2025-03-04	Cheese	80
1251	2025-03-04	Samosa	101
1252	2025-03-04	Kachori	51
1253	2025-03-04	Dhokla	72
1254	2025-03-04	Vada Pav	68
1255	2025-03-04	Pani Puri	115
1256	2025-03-04	Cookies	103
1257	2025-03-04	Masala Puri	115
1258	2025-03-04	Samosa Chaat	78
1259	2025-03-04	Small Mixture	93
1260	2025-03-04	Tomato Ketchup	65
1261	2025-03-05	Milk Bread	64
1262	2025-03-05	Brown Bread	73
1263	2025-03-05	Multigrain Bread	88
1264	2025-03-05	Pav Bun	87
1265	2025-03-05	Plain Cake	143
1266	2025-03-05	Chilli Sauce	148
1267	2025-03-05	Rasgulla	94
1268	2025-03-05	Jalebi	93
1269	2025-03-05	Soy Sauce	125
1270	2025-03-05	Water	60
1271	2025-03-05	Chocolate Cake	125
1272	2025-03-05	Vanilla Cake	106
1273	2025-03-05	Black Forest Cake	72
1274	2025-03-05	Pineapple Cake	79
1275	2025-03-05	Red Velvet Cake	79
1276	2025-03-05	Milk	127
1277	2025-03-05	Curd	69
1278	2025-03-05	Paneer	107
1279	2025-03-05	Butter	89
1280	2025-03-05	Cheese	98
1281	2025-03-05	Samosa	145
1282	2025-03-05	Kachori	133
1283	2025-03-05	Dhokla	96
1284	2025-03-05	Vada Pav	78
1285	2025-03-05	Pani Puri	87
1286	2025-03-05	Cookies	74
1287	2025-03-05	Masala Puri	93
1288	2025-03-05	Samosa Chaat	71
1289	2025-03-05	Small Mixture	126
1290	2025-03-05	Tomato Ketchup	55
1291	2025-03-06	Milk Bread	137
1292	2025-03-06	Brown Bread	140
1293	2025-03-06	Multigrain Bread	85
1294	2025-03-06	Pav Bun	130
1295	2025-03-06	Plain Cake	64
1296	2025-03-06	Chilli Sauce	81
1297	2025-03-06	Rasgulla	142
1298	2025-03-06	Jalebi	68
1299	2025-03-06	Soy Sauce	62
1300	2025-03-06	Water	106
1301	2025-03-06	Chocolate Cake	113
1302	2025-03-06	Vanilla Cake	138
1303	2025-03-06	Black Forest Cake	52
1304	2025-03-06	Pineapple Cake	74
1305	2025-03-06	Red Velvet Cake	93
1306	2025-03-06	Milk	60
1307	2025-03-06	Curd	148
1308	2025-03-06	Paneer	113
1309	2025-03-06	Butter	109
1310	2025-03-06	Cheese	130
1311	2025-03-06	Samosa	82
1312	2025-03-06	Kachori	131
1313	2025-03-06	Dhokla	98
1314	2025-03-06	Vada Pav	80
1315	2025-03-06	Pani Puri	148
1316	2025-03-06	Cookies	149
1317	2025-03-06	Masala Puri	100
1318	2025-03-06	Samosa Chaat	97
1319	2025-03-06	Small Mixture	111
1320	2025-03-06	Tomato Ketchup	132
1321	2025-03-07	Milk Bread	138
1322	2025-03-07	Brown Bread	145
1323	2025-03-07	Multigrain Bread	77
1324	2025-03-07	Pav Bun	148
1325	2025-03-07	Plain Cake	107
1326	2025-03-07	Chilli Sauce	84
1327	2025-03-07	Rasgulla	121
1328	2025-03-07	Jalebi	61
1329	2025-03-07	Soy Sauce	144
1330	2025-03-07	Water	143
1331	2025-03-07	Chocolate Cake	53
1332	2025-03-07	Vanilla Cake	90
1333	2025-03-07	Black Forest Cake	105
1334	2025-03-07	Pineapple Cake	78
1335	2025-03-07	Red Velvet Cake	54
1336	2025-03-07	Milk	68
1337	2025-03-07	Curd	58
1338	2025-03-07	Paneer	59
1339	2025-03-07	Butter	120
1340	2025-03-07	Cheese	97
1341	2025-03-07	Samosa	135
1342	2025-03-07	Kachori	83
1343	2025-03-07	Dhokla	57
1344	2025-03-07	Vada Pav	145
1345	2025-03-07	Pani Puri	91
1346	2025-03-07	Cookies	138
1347	2025-03-07	Masala Puri	52
1348	2025-03-07	Samosa Chaat	108
1349	2025-03-07	Small Mixture	111
1350	2025-03-07	Tomato Ketchup	99
1351	2025-03-08	Milk Bread	189
1352	2025-03-08	Brown Bread	90
1353	2025-03-08	Multigrain Bread	118
1354	2025-03-08	Pav Bun	204
1355	2025-03-08	Plain Cake	150
1356	2025-03-08	Chilli Sauce	136
1357	2025-03-08	Rasgulla	133
1358	2025-03-08	Jalebi	156
1359	2025-03-08	Soy Sauce	207
1360	2025-03-08	Water	108
1361	2025-03-08	Chocolate Cake	187
1362	2025-03-08	Vanilla Cake	76
1363	2025-03-08	Black Forest Cake	180
1364	2025-03-08	Pineapple Cake	165
1365	2025-03-08	Red Velvet Cake	126
1366	2025-03-08	Milk	196
1367	2025-03-08	Curd	85
1368	2025-03-08	Paneer	100
1369	2025-03-08	Butter	120
1370	2025-03-08	Cheese	114
1371	2025-03-08	Samosa	132
1372	2025-03-08	Kachori	210
1373	2025-03-08	Dhokla	213
1374	2025-03-08	Vada Pav	147
1375	2025-03-08	Pani Puri	166
1376	2025-03-08	Cookies	183
1377	2025-03-08	Masala Puri	195
1378	2025-03-08	Samosa Chaat	174
1379	2025-03-08	Small Mixture	120
1380	2025-03-08	Tomato Ketchup	136
1381	2025-03-09	Milk Bread	169
1382	2025-03-09	Brown Bread	148
1383	2025-03-09	Multigrain Bread	129
1384	2025-03-09	Pav Bun	184
1385	2025-03-09	Plain Cake	79
1386	2025-03-09	Chilli Sauce	75
1387	2025-03-09	Rasgulla	90
1388	2025-03-09	Jalebi	183
1389	2025-03-09	Soy Sauce	99
1390	2025-03-09	Water	216
1391	2025-03-09	Chocolate Cake	189
1392	2025-03-09	Vanilla Cake	190
1393	2025-03-09	Black Forest Cake	123
1394	2025-03-09	Pineapple Cake	183
1395	2025-03-09	Red Velvet Cake	100
1396	2025-03-09	Milk	223
1397	2025-03-09	Curd	175
1398	2025-03-09	Paneer	151
1399	2025-03-09	Butter	84
1400	2025-03-09	Cheese	123
1401	2025-03-09	Samosa	124
1402	2025-03-09	Kachori	151
1403	2025-03-09	Dhokla	222
1404	2025-03-09	Vada Pav	79
1405	2025-03-09	Pani Puri	106
1406	2025-03-09	Cookies	148
1407	2025-03-09	Masala Puri	97
1408	2025-03-09	Samosa Chaat	222
1409	2025-03-09	Small Mixture	121
1410	2025-03-09	Tomato Ketchup	174
1411	2025-03-10	Milk Bread	108
1412	2025-03-10	Brown Bread	74
1413	2025-03-10	Multigrain Bread	80
1414	2025-03-10	Pav Bun	57
1415	2025-03-10	Plain Cake	142
1416	2025-03-10	Chilli Sauce	58
1417	2025-03-10	Rasgulla	109
1418	2025-03-10	Jalebi	92
1419	2025-03-10	Soy Sauce	69
1420	2025-03-10	Water	124
1421	2025-03-10	Chocolate Cake	98
1422	2025-03-10	Vanilla Cake	83
1423	2025-03-10	Black Forest Cake	95
1424	2025-03-10	Pineapple Cake	137
1425	2025-03-10	Red Velvet Cake	115
1426	2025-03-10	Milk	111
1427	2025-03-10	Curd	58
1428	2025-03-10	Paneer	103
1429	2025-03-10	Butter	84
1430	2025-03-10	Cheese	105
1431	2025-03-10	Samosa	89
1432	2025-03-10	Kachori	91
1433	2025-03-10	Dhokla	55
1434	2025-03-10	Vada Pav	123
1435	2025-03-10	Pani Puri	147
1436	2025-03-10	Cookies	77
1437	2025-03-10	Masala Puri	61
1438	2025-03-10	Samosa Chaat	97
1439	2025-03-10	Small Mixture	145
1440	2025-03-10	Tomato Ketchup	141
1441	2025-03-11	Milk Bread	60
1442	2025-03-11	Brown Bread	94
1443	2025-03-11	Multigrain Bread	81
1444	2025-03-11	Pav Bun	57
1445	2025-03-11	Plain Cake	84
1446	2025-03-11	Chilli Sauce	95
1447	2025-03-11	Rasgulla	74
1448	2025-03-11	Jalebi	112
1449	2025-03-11	Soy Sauce	95
1450	2025-03-11	Water	70
1451	2025-03-11	Chocolate Cake	138
1452	2025-03-11	Vanilla Cake	105
1453	2025-03-11	Black Forest Cake	104
1454	2025-03-11	Pineapple Cake	113
1455	2025-03-11	Red Velvet Cake	68
1456	2025-03-11	Milk	81
1457	2025-03-11	Curd	110
1458	2025-03-11	Paneer	136
1459	2025-03-11	Butter	111
1460	2025-03-11	Cheese	82
1461	2025-03-11	Samosa	113
1462	2025-03-11	Kachori	105
1463	2025-03-11	Dhokla	119
1464	2025-03-11	Vada Pav	59
1465	2025-03-11	Pani Puri	98
1466	2025-03-11	Cookies	96
1467	2025-03-11	Masala Puri	101
1468	2025-03-11	Samosa Chaat	57
1469	2025-03-11	Small Mixture	130
1470	2025-03-11	Tomato Ketchup	50
1471	2025-03-12	Milk Bread	79
1472	2025-03-12	Brown Bread	127
1473	2025-03-12	Multigrain Bread	142
1474	2025-03-12	Pav Bun	74
1475	2025-03-12	Plain Cake	146
1476	2025-03-12	Chilli Sauce	113
1477	2025-03-12	Rasgulla	83
1478	2025-03-12	Jalebi	140
1479	2025-03-12	Soy Sauce	147
1480	2025-03-12	Water	58
1481	2025-03-12	Chocolate Cake	87
1482	2025-03-12	Vanilla Cake	119
1483	2025-03-12	Black Forest Cake	129
1484	2025-03-12	Pineapple Cake	108
1485	2025-03-12	Red Velvet Cake	75
1486	2025-03-12	Milk	117
1487	2025-03-12	Curd	137
1488	2025-03-12	Paneer	93
1489	2025-03-12	Butter	84
1490	2025-03-12	Cheese	77
1491	2025-03-12	Samosa	82
1492	2025-03-12	Kachori	50
1493	2025-03-12	Dhokla	90
1494	2025-03-12	Vada Pav	149
1495	2025-03-12	Pani Puri	137
1496	2025-03-12	Cookies	135
1497	2025-03-12	Masala Puri	136
1498	2025-03-12	Samosa Chaat	94
1499	2025-03-12	Small Mixture	70
1500	2025-03-12	Tomato Ketchup	53
1501	2025-03-13	Milk Bread	125
1502	2025-03-13	Brown Bread	145
1503	2025-03-13	Multigrain Bread	128
1504	2025-03-13	Pav Bun	120
1505	2025-03-13	Plain Cake	104
1506	2025-03-13	Chilli Sauce	106
1507	2025-03-13	Rasgulla	142
1508	2025-03-13	Jalebi	124
1509	2025-03-13	Soy Sauce	141
1510	2025-03-13	Water	75
1511	2025-03-13	Chocolate Cake	132
1512	2025-03-13	Vanilla Cake	77
1513	2025-03-13	Black Forest Cake	123
1514	2025-03-13	Pineapple Cake	115
1515	2025-03-13	Red Velvet Cake	132
1516	2025-03-13	Milk	115
1517	2025-03-13	Curd	109
1518	2025-03-13	Paneer	74
1519	2025-03-13	Butter	105
1520	2025-03-13	Cheese	115
1521	2025-03-13	Samosa	86
1522	2025-03-13	Kachori	101
1523	2025-03-13	Dhokla	133
1524	2025-03-13	Vada Pav	147
1525	2025-03-13	Pani Puri	81
1526	2025-03-13	Cookies	82
1527	2025-03-13	Masala Puri	114
1528	2025-03-13	Samosa Chaat	133
1529	2025-03-13	Small Mixture	84
1530	2025-03-13	Tomato Ketchup	59
1531	2025-03-14	Milk Bread	96
1532	2025-03-14	Brown Bread	84
1533	2025-03-14	Multigrain Bread	117
1534	2025-03-14	Pav Bun	58
1535	2025-03-14	Plain Cake	109
1536	2025-03-14	Chilli Sauce	142
1537	2025-03-14	Rasgulla	75
1538	2025-03-14	Jalebi	124
1539	2025-03-14	Soy Sauce	102
1540	2025-03-14	Water	104
1541	2025-03-14	Chocolate Cake	51
1542	2025-03-14	Vanilla Cake	102
1543	2025-03-14	Black Forest Cake	81
1544	2025-03-14	Pineapple Cake	64
1545	2025-03-14	Red Velvet Cake	145
1546	2025-03-14	Milk	122
1547	2025-03-14	Curd	110
1548	2025-03-14	Paneer	60
1549	2025-03-14	Butter	108
1550	2025-03-14	Cheese	78
1551	2025-03-14	Samosa	137
1552	2025-03-14	Kachori	69
1553	2025-03-14	Dhokla	111
1554	2025-03-14	Vada Pav	57
1555	2025-03-14	Pani Puri	100
1556	2025-03-14	Cookies	139
1557	2025-03-14	Masala Puri	120
1558	2025-03-14	Samosa Chaat	71
1559	2025-03-14	Small Mixture	137
1560	2025-03-14	Tomato Ketchup	56
1561	2025-03-15	Milk Bread	198
1562	2025-03-15	Brown Bread	111
1563	2025-03-15	Multigrain Bread	79
1564	2025-03-15	Pav Bun	75
1565	2025-03-15	Plain Cake	211
1566	2025-03-15	Chilli Sauce	141
1567	2025-03-15	Rasgulla	111
1568	2025-03-15	Jalebi	183
1569	2025-03-15	Soy Sauce	120
1570	2025-03-15	Water	159
1571	2025-03-15	Chocolate Cake	93
1572	2025-03-15	Vanilla Cake	93
1573	2025-03-15	Black Forest Cake	168
1574	2025-03-15	Pineapple Cake	147
1575	2025-03-15	Red Velvet Cake	186
1576	2025-03-15	Milk	88
1577	2025-03-15	Curd	208
1578	2025-03-15	Paneer	204
1579	2025-03-15	Butter	105
1580	2025-03-15	Cheese	220
1581	2025-03-15	Samosa	165
1582	2025-03-15	Kachori	133
1583	2025-03-15	Dhokla	204
1584	2025-03-15	Vada Pav	99
1585	2025-03-15	Pani Puri	148
1586	2025-03-15	Cookies	88
1587	2025-03-15	Masala Puri	187
1588	2025-03-15	Samosa Chaat	162
1589	2025-03-15	Small Mixture	157
1590	2025-03-15	Tomato Ketchup	102
1591	2025-03-16	Milk Bread	90
1592	2025-03-16	Brown Bread	214
1593	2025-03-16	Multigrain Bread	147
1594	2025-03-16	Pav Bun	123
1595	2025-03-16	Plain Cake	201
1596	2025-03-16	Chilli Sauce	88
1597	2025-03-16	Rasgulla	223
1598	2025-03-16	Jalebi	93
1599	2025-03-16	Soy Sauce	168
1600	2025-03-16	Water	111
1601	2025-03-16	Chocolate Cake	112
1602	2025-03-16	Vanilla Cake	171
1603	2025-03-16	Black Forest Cake	114
1604	2025-03-16	Pineapple Cake	118
1605	2025-03-16	Red Velvet Cake	193
1606	2025-03-16	Milk	165
1607	2025-03-16	Curd	97
1608	2025-03-16	Paneer	85
1609	2025-03-16	Butter	223
1610	2025-03-16	Cheese	139
1611	2025-03-16	Samosa	82
1612	2025-03-16	Kachori	133
1613	2025-03-16	Dhokla	177
1614	2025-03-16	Vada Pav	127
1615	2025-03-16	Pani Puri	150
1616	2025-03-16	Cookies	193
1617	2025-03-16	Masala Puri	114
1618	2025-03-16	Samosa Chaat	150
1619	2025-03-16	Small Mixture	106
1620	2025-03-16	Tomato Ketchup	201
1621	2025-03-17	Milk Bread	122
1622	2025-03-17	Brown Bread	64
1623	2025-03-17	Multigrain Bread	141
1624	2025-03-17	Pav Bun	73
1625	2025-03-17	Plain Cake	71
1626	2025-03-17	Chilli Sauce	73
1627	2025-03-17	Rasgulla	52
1628	2025-03-17	Jalebi	129
1629	2025-03-17	Soy Sauce	128
1630	2025-03-17	Water	55
1631	2025-03-17	Chocolate Cake	90
1632	2025-03-17	Vanilla Cake	144
1633	2025-03-17	Black Forest Cake	103
1634	2025-03-17	Pineapple Cake	100
1635	2025-03-17	Red Velvet Cake	124
1636	2025-03-17	Milk	141
1637	2025-03-17	Curd	146
1638	2025-03-17	Paneer	82
1639	2025-03-17	Butter	79
1640	2025-03-17	Cheese	135
1641	2025-03-17	Samosa	112
1642	2025-03-17	Kachori	128
1643	2025-03-17	Dhokla	127
1644	2025-03-17	Vada Pav	110
1645	2025-03-17	Pani Puri	86
1646	2025-03-17	Cookies	143
1647	2025-03-17	Masala Puri	138
1648	2025-03-17	Samosa Chaat	81
1649	2025-03-17	Small Mixture	51
1650	2025-03-17	Tomato Ketchup	83
1651	2025-03-18	Milk Bread	116
1652	2025-03-18	Brown Bread	59
1653	2025-03-18	Multigrain Bread	50
1654	2025-03-18	Pav Bun	87
1655	2025-03-18	Plain Cake	149
1656	2025-03-18	Chilli Sauce	57
1657	2025-03-18	Rasgulla	132
1658	2025-03-18	Jalebi	122
1659	2025-03-18	Soy Sauce	116
1660	2025-03-18	Water	92
1661	2025-03-18	Chocolate Cake	124
1662	2025-03-18	Vanilla Cake	132
1663	2025-03-18	Black Forest Cake	78
1664	2025-03-18	Pineapple Cake	56
1665	2025-03-18	Red Velvet Cake	51
1666	2025-03-18	Milk	140
1667	2025-03-18	Curd	119
1668	2025-03-18	Paneer	142
1669	2025-03-18	Butter	129
1670	2025-03-18	Cheese	62
1671	2025-03-18	Samosa	138
1672	2025-03-18	Kachori	130
1673	2025-03-18	Dhokla	110
1674	2025-03-18	Vada Pav	113
1675	2025-03-18	Pani Puri	73
1676	2025-03-18	Cookies	125
1677	2025-03-18	Masala Puri	63
1678	2025-03-18	Samosa Chaat	149
1679	2025-03-18	Small Mixture	121
1680	2025-03-18	Tomato Ketchup	93
1681	2025-03-19	Milk Bread	115
1682	2025-03-19	Brown Bread	146
1683	2025-03-19	Multigrain Bread	133
1684	2025-03-19	Pav Bun	126
1685	2025-03-19	Plain Cake	83
1686	2025-03-19	Chilli Sauce	98
1687	2025-03-19	Rasgulla	88
1688	2025-03-19	Jalebi	127
1689	2025-03-19	Soy Sauce	146
1690	2025-03-19	Water	129
1691	2025-03-19	Chocolate Cake	104
1692	2025-03-19	Vanilla Cake	71
1693	2025-03-19	Black Forest Cake	109
1694	2025-03-19	Pineapple Cake	87
1695	2025-03-19	Red Velvet Cake	134
1696	2025-03-19	Milk	106
1697	2025-03-19	Curd	128
1698	2025-03-19	Paneer	54
1699	2025-03-19	Butter	70
1700	2025-03-19	Cheese	149
1701	2025-03-19	Samosa	132
1702	2025-03-19	Kachori	100
1703	2025-03-19	Dhokla	121
1704	2025-03-19	Vada Pav	130
1705	2025-03-19	Pani Puri	109
1706	2025-03-19	Cookies	126
1707	2025-03-19	Masala Puri	99
1708	2025-03-19	Samosa Chaat	84
1709	2025-03-19	Small Mixture	102
1710	2025-03-19	Tomato Ketchup	122
1711	2025-03-20	Milk Bread	58
1712	2025-03-20	Brown Bread	145
1713	2025-03-20	Multigrain Bread	103
1714	2025-03-20	Pav Bun	62
1715	2025-03-20	Plain Cake	52
1716	2025-03-20	Chilli Sauce	144
1717	2025-03-20	Rasgulla	146
1718	2025-03-20	Jalebi	62
1719	2025-03-20	Soy Sauce	149
1720	2025-03-20	Water	128
1721	2025-03-20	Chocolate Cake	147
1722	2025-03-20	Vanilla Cake	54
1723	2025-03-20	Black Forest Cake	105
1724	2025-03-20	Pineapple Cake	120
1725	2025-03-20	Red Velvet Cake	54
1726	2025-03-20	Milk	74
1727	2025-03-20	Curd	67
1728	2025-03-20	Paneer	66
1729	2025-03-20	Butter	98
1730	2025-03-20	Cheese	123
1731	2025-03-20	Samosa	99
1732	2025-03-20	Kachori	58
1733	2025-03-20	Dhokla	114
1734	2025-03-20	Vada Pav	73
1735	2025-03-20	Pani Puri	64
1736	2025-03-20	Cookies	109
1737	2025-03-20	Masala Puri	134
1738	2025-03-20	Samosa Chaat	133
1739	2025-03-20	Small Mixture	141
1740	2025-03-20	Tomato Ketchup	62
1741	2025-03-21	Milk Bread	120
1742	2025-03-21	Brown Bread	145
1743	2025-03-21	Multigrain Bread	76
1744	2025-03-21	Pav Bun	116
1745	2025-03-21	Plain Cake	66
1746	2025-03-21	Chilli Sauce	134
1747	2025-03-21	Rasgulla	59
1748	2025-03-21	Jalebi	107
1749	2025-03-21	Soy Sauce	119
1750	2025-03-21	Water	70
1751	2025-03-21	Chocolate Cake	99
1752	2025-03-21	Vanilla Cake	104
1753	2025-03-21	Black Forest Cake	145
1754	2025-03-21	Pineapple Cake	70
1755	2025-03-21	Red Velvet Cake	142
1756	2025-03-21	Milk	137
1757	2025-03-21	Curd	80
1758	2025-03-21	Paneer	86
1759	2025-03-21	Butter	79
1760	2025-03-21	Cheese	111
1761	2025-03-21	Samosa	67
1762	2025-03-21	Kachori	70
1763	2025-03-21	Dhokla	81
1764	2025-03-21	Vada Pav	84
1765	2025-03-21	Pani Puri	148
1766	2025-03-21	Cookies	73
1767	2025-03-21	Masala Puri	134
1768	2025-03-21	Samosa Chaat	59
1769	2025-03-21	Small Mixture	103
1770	2025-03-21	Tomato Ketchup	137
1771	2025-03-22	Milk Bread	159
1772	2025-03-22	Brown Bread	100
1773	2025-03-22	Multigrain Bread	199
1774	2025-03-22	Pav Bun	157
1775	2025-03-22	Plain Cake	106
1776	2025-03-22	Chilli Sauce	144
1777	2025-03-22	Rasgulla	169
1778	2025-03-22	Jalebi	78
1779	2025-03-22	Soy Sauce	142
1780	2025-03-22	Water	217
1781	2025-03-22	Chocolate Cake	100
1782	2025-03-22	Vanilla Cake	141
1783	2025-03-22	Black Forest Cake	106
1784	2025-03-22	Pineapple Cake	214
1785	2025-03-22	Red Velvet Cake	82
1786	2025-03-22	Milk	219
1787	2025-03-22	Curd	169
1788	2025-03-22	Paneer	216
1789	2025-03-22	Butter	160
1790	2025-03-22	Cheese	174
1791	2025-03-22	Samosa	183
1792	2025-03-22	Kachori	160
1793	2025-03-22	Dhokla	198
1794	2025-03-22	Vada Pav	207
1795	2025-03-22	Pani Puri	142
1796	2025-03-22	Cookies	120
1797	2025-03-22	Masala Puri	187
1798	2025-03-22	Samosa Chaat	163
1799	2025-03-22	Small Mixture	133
1800	2025-03-22	Tomato Ketchup	120
1801	2025-03-23	Milk Bread	118
1802	2025-03-23	Brown Bread	76
1803	2025-03-23	Multigrain Bread	195
1804	2025-03-23	Pav Bun	217
1805	2025-03-23	Plain Cake	195
1806	2025-03-23	Chilli Sauce	168
1807	2025-03-23	Rasgulla	103
1808	2025-03-23	Jalebi	99
1809	2025-03-23	Soy Sauce	117
1810	2025-03-23	Water	180
1811	2025-03-23	Chocolate Cake	91
1812	2025-03-23	Vanilla Cake	151
1813	2025-03-23	Black Forest Cake	184
1814	2025-03-23	Pineapple Cake	88
1815	2025-03-23	Red Velvet Cake	88
1816	2025-03-23	Milk	169
1817	2025-03-23	Curd	82
1818	2025-03-23	Paneer	91
1819	2025-03-23	Butter	201
1820	2025-03-23	Cheese	85
1821	2025-03-23	Samosa	147
1822	2025-03-23	Kachori	220
1823	2025-03-23	Dhokla	171
1824	2025-03-23	Vada Pav	144
1825	2025-03-23	Pani Puri	184
1826	2025-03-23	Cookies	180
1827	2025-03-23	Masala Puri	151
1828	2025-03-23	Samosa Chaat	141
1829	2025-03-23	Small Mixture	93
1830	2025-03-23	Tomato Ketchup	88
1831	2025-03-24	Milk Bread	73
1832	2025-03-24	Brown Bread	107
1833	2025-03-24	Multigrain Bread	124
1834	2025-03-24	Pav Bun	87
1835	2025-03-24	Plain Cake	133
1836	2025-03-24	Chilli Sauce	89
1837	2025-03-24	Rasgulla	134
1838	2025-03-24	Jalebi	62
1839	2025-03-24	Soy Sauce	129
1840	2025-03-24	Water	138
1841	2025-03-24	Chocolate Cake	125
1842	2025-03-24	Vanilla Cake	115
1843	2025-03-24	Black Forest Cake	122
1844	2025-03-24	Pineapple Cake	75
1845	2025-03-24	Red Velvet Cake	120
1846	2025-03-24	Milk	122
1847	2025-03-24	Curd	129
1848	2025-03-24	Paneer	135
1849	2025-03-24	Butter	99
1850	2025-03-24	Cheese	115
1851	2025-03-24	Samosa	64
1852	2025-03-24	Kachori	108
1853	2025-03-24	Dhokla	129
1854	2025-03-24	Vada Pav	65
1855	2025-03-24	Pani Puri	74
1856	2025-03-24	Cookies	110
1857	2025-03-24	Masala Puri	136
1858	2025-03-24	Samosa Chaat	108
1859	2025-03-24	Small Mixture	134
1860	2025-03-24	Tomato Ketchup	67
1861	2025-03-25	Milk Bread	145
1862	2025-03-25	Brown Bread	114
1863	2025-03-25	Multigrain Bread	51
1864	2025-03-25	Pav Bun	115
1865	2025-03-25	Plain Cake	77
1866	2025-03-25	Chilli Sauce	81
1867	2025-03-25	Rasgulla	138
1868	2025-03-25	Jalebi	132
1869	2025-03-25	Soy Sauce	138
1870	2025-03-25	Water	54
1871	2025-03-25	Chocolate Cake	113
1872	2025-03-25	Vanilla Cake	54
1873	2025-03-25	Black Forest Cake	75
1874	2025-03-25	Pineapple Cake	124
1875	2025-03-25	Red Velvet Cake	127
1876	2025-03-25	Milk	112
1877	2025-03-25	Curd	106
1878	2025-03-25	Paneer	97
1879	2025-03-25	Butter	119
1880	2025-03-25	Cheese	103
1881	2025-03-25	Samosa	123
1882	2025-03-25	Kachori	71
1883	2025-03-25	Dhokla	141
1884	2025-03-25	Vada Pav	97
1885	2025-03-25	Pani Puri	115
1886	2025-03-25	Cookies	145
1887	2025-03-25	Masala Puri	75
1888	2025-03-25	Samosa Chaat	58
1889	2025-03-25	Small Mixture	76
1890	2025-03-25	Tomato Ketchup	88
1891	2025-03-26	Milk Bread	51
1892	2025-03-26	Brown Bread	119
1893	2025-03-26	Multigrain Bread	114
1894	2025-03-26	Pav Bun	114
1895	2025-03-26	Plain Cake	129
1896	2025-03-26	Chilli Sauce	140
1897	2025-03-26	Rasgulla	147
1898	2025-03-26	Jalebi	130
1899	2025-03-26	Soy Sauce	88
1900	2025-03-26	Water	100
1901	2025-03-26	Chocolate Cake	82
1902	2025-03-26	Vanilla Cake	75
1903	2025-03-26	Black Forest Cake	138
1904	2025-03-26	Pineapple Cake	79
1905	2025-03-26	Red Velvet Cake	142
1906	2025-03-26	Milk	99
1907	2025-03-26	Curd	59
1908	2025-03-26	Paneer	71
1909	2025-03-26	Butter	132
1910	2025-03-26	Cheese	146
1911	2025-03-26	Samosa	123
1912	2025-03-26	Kachori	114
1913	2025-03-26	Dhokla	75
1914	2025-03-26	Vada Pav	123
1915	2025-03-26	Pani Puri	105
1916	2025-03-26	Cookies	148
1917	2025-03-26	Masala Puri	75
1918	2025-03-26	Samosa Chaat	144
1919	2025-03-26	Small Mixture	105
1920	2025-03-26	Tomato Ketchup	51
1921	2025-03-27	Milk Bread	90
1922	2025-03-27	Brown Bread	117
1923	2025-03-27	Multigrain Bread	83
1924	2025-03-27	Pav Bun	87
1925	2025-03-27	Plain Cake	53
1926	2025-03-27	Chilli Sauce	113
1927	2025-03-27	Rasgulla	88
1928	2025-03-27	Jalebi	115
1929	2025-03-27	Soy Sauce	93
1930	2025-03-27	Water	100
1931	2025-03-27	Chocolate Cake	120
1932	2025-03-27	Vanilla Cake	69
1933	2025-03-27	Black Forest Cake	136
1934	2025-03-27	Pineapple Cake	103
1935	2025-03-27	Red Velvet Cake	147
1936	2025-03-27	Milk	101
1937	2025-03-27	Curd	148
1938	2025-03-27	Paneer	102
1939	2025-03-27	Butter	63
1940	2025-03-27	Cheese	52
1941	2025-03-27	Samosa	55
1942	2025-03-27	Kachori	103
1943	2025-03-27	Dhokla	107
1944	2025-03-27	Vada Pav	87
1945	2025-03-27	Pani Puri	69
1946	2025-03-27	Cookies	52
1947	2025-03-27	Masala Puri	135
1948	2025-03-27	Samosa Chaat	90
1949	2025-03-27	Small Mixture	111
1950	2025-03-27	Tomato Ketchup	51
1951	2025-03-28	Milk Bread	123
1952	2025-03-28	Brown Bread	70
1953	2025-03-28	Multigrain Bread	71
1954	2025-03-28	Pav Bun	145
1955	2025-03-28	Plain Cake	119
1956	2025-03-28	Chilli Sauce	51
1957	2025-03-28	Rasgulla	61
1958	2025-03-28	Jalebi	107
1959	2025-03-28	Soy Sauce	80
1960	2025-03-28	Water	90
1961	2025-03-28	Chocolate Cake	145
1962	2025-03-28	Vanilla Cake	50
1963	2025-03-28	Black Forest Cake	60
1964	2025-03-28	Pineapple Cake	131
1965	2025-03-28	Red Velvet Cake	80
1966	2025-03-28	Milk	127
1967	2025-03-28	Curd	62
1968	2025-03-28	Paneer	101
1969	2025-03-28	Butter	80
1970	2025-03-28	Cheese	145
1971	2025-03-28	Samosa	123
1972	2025-03-28	Kachori	58
1973	2025-03-28	Dhokla	135
1974	2025-03-28	Vada Pav	59
1975	2025-03-28	Pani Puri	55
1976	2025-03-28	Cookies	121
1977	2025-03-28	Masala Puri	142
1978	2025-03-28	Samosa Chaat	132
1979	2025-03-28	Small Mixture	125
1980	2025-03-28	Tomato Ketchup	133
1981	2025-03-29	Milk Bread	162
1982	2025-03-29	Brown Bread	198
1983	2025-03-29	Multigrain Bread	178
1984	2025-03-29	Pav Bun	180
1985	2025-03-29	Plain Cake	163
1986	2025-03-29	Chilli Sauce	99
1987	2025-03-29	Rasgulla	142
1988	2025-03-29	Jalebi	84
1989	2025-03-29	Soy Sauce	184
1990	2025-03-29	Water	88
1991	2025-03-29	Chocolate Cake	150
1992	2025-03-29	Vanilla Cake	183
1993	2025-03-29	Black Forest Cake	151
1994	2025-03-29	Pineapple Cake	96
1995	2025-03-29	Red Velvet Cake	97
1996	2025-03-29	Milk	166
1997	2025-03-29	Curd	105
1998	2025-03-29	Paneer	136
1999	2025-03-29	Butter	85
2000	2025-03-29	Cheese	132
2001	2025-03-29	Samosa	145
2002	2025-03-29	Kachori	186
2003	2025-03-29	Dhokla	94
2004	2025-03-29	Vada Pav	88
2005	2025-03-29	Pani Puri	184
2006	2025-03-29	Cookies	216
2007	2025-03-29	Masala Puri	118
2008	2025-03-29	Samosa Chaat	96
2009	2025-03-29	Small Mixture	99
2010	2025-03-29	Tomato Ketchup	217
2011	2025-03-30	Milk Bread	132
2012	2025-03-30	Brown Bread	75
2013	2025-03-30	Multigrain Bread	111
2014	2025-03-30	Pav Bun	184
2015	2025-03-30	Plain Cake	91
2016	2025-03-30	Chilli Sauce	174
2017	2025-03-30	Rasgulla	102
2018	2025-03-30	Jalebi	223
2019	2025-03-30	Soy Sauce	168
2020	2025-03-30	Water	129
2021	2025-03-30	Chocolate Cake	154
2022	2025-03-30	Vanilla Cake	190
2023	2025-03-30	Black Forest Cake	136
2024	2025-03-30	Pineapple Cake	217
2025	2025-03-30	Red Velvet Cake	106
2026	2025-03-30	Milk	88
2027	2025-03-30	Curd	187
2028	2025-03-30	Paneer	99
2029	2025-03-30	Butter	157
2030	2025-03-30	Cheese	91
2031	2025-03-30	Samosa	132
2032	2025-03-30	Kachori	180
2033	2025-03-30	Dhokla	121
2034	2025-03-30	Vada Pav	111
2035	2025-03-30	Pani Puri	139
2036	2025-03-30	Cookies	150
2037	2025-03-30	Masala Puri	216
2038	2025-03-30	Samosa Chaat	148
2039	2025-03-30	Small Mixture	85
2040	2025-03-30	Tomato Ketchup	168
2041	2025-03-31	Milk Bread	67
2042	2025-03-31	Brown Bread	122
2043	2025-03-31	Multigrain Bread	50
2044	2025-03-31	Pav Bun	104
2045	2025-03-31	Plain Cake	146
2046	2025-03-31	Chilli Sauce	76
2047	2025-03-31	Rasgulla	52
2048	2025-03-31	Jalebi	132
2049	2025-03-31	Soy Sauce	107
2050	2025-03-31	Water	139
2051	2025-03-31	Chocolate Cake	94
2052	2025-03-31	Vanilla Cake	58
2053	2025-03-31	Black Forest Cake	85
2054	2025-03-31	Pineapple Cake	116
2055	2025-03-31	Red Velvet Cake	134
2056	2025-03-31	Milk	58
2057	2025-03-31	Curd	127
2058	2025-03-31	Paneer	105
2059	2025-03-31	Butter	99
2060	2025-03-31	Cheese	142
2061	2025-03-31	Samosa	144
2062	2025-03-31	Kachori	119
2063	2025-03-31	Dhokla	127
2064	2025-03-31	Vada Pav	145
2065	2025-03-31	Pani Puri	106
2066	2025-03-31	Cookies	138
2067	2025-03-31	Masala Puri	147
2068	2025-03-31	Samosa Chaat	63
2069	2025-03-31	Small Mixture	69
2070	2025-03-31	Tomato Ketchup	111
2071	2025-04-01	Milk Bread	91
2072	2025-04-01	Brown Bread	56
2073	2025-04-01	Multigrain Bread	143
2074	2025-04-01	Pav Bun	56
2075	2025-04-01	Plain Cake	75
2076	2025-04-01	Chilli Sauce	56
2077	2025-04-01	Rasgulla	93
2078	2025-04-01	Jalebi	92
2079	2025-04-01	Soy Sauce	85
2080	2025-04-01	Water	72
2081	2025-04-01	Chocolate Cake	98
2082	2025-04-01	Vanilla Cake	86
2083	2025-04-01	Black Forest Cake	93
2084	2025-04-01	Pineapple Cake	78
2085	2025-04-01	Red Velvet Cake	80
2086	2025-04-01	Milk	106
2087	2025-04-01	Curd	101
2088	2025-04-01	Paneer	144
2089	2025-04-01	Butter	60
2090	2025-04-01	Cheese	114
2091	2025-04-01	Samosa	106
2092	2025-04-01	Kachori	118
2093	2025-04-01	Dhokla	107
2094	2025-04-01	Vada Pav	60
2095	2025-04-01	Pani Puri	128
2096	2025-04-01	Cookies	140
2097	2025-04-01	Masala Puri	57
2098	2025-04-01	Samosa Chaat	69
2099	2025-04-01	Small Mixture	140
2100	2025-04-01	Tomato Ketchup	80
2101	2025-04-02	Milk Bread	115
2102	2025-04-02	Brown Bread	136
2103	2025-04-02	Multigrain Bread	85
2104	2025-04-02	Pav Bun	103
2105	2025-04-02	Plain Cake	85
2106	2025-04-02	Chilli Sauce	129
2107	2025-04-02	Rasgulla	54
2108	2025-04-02	Jalebi	63
2109	2025-04-02	Soy Sauce	136
2110	2025-04-02	Water	90
2111	2025-04-02	Chocolate Cake	84
2112	2025-04-02	Vanilla Cake	62
2113	2025-04-02	Black Forest Cake	116
2114	2025-04-02	Pineapple Cake	117
2115	2025-04-02	Red Velvet Cake	137
2116	2025-04-02	Milk	137
2117	2025-04-02	Curd	76
2118	2025-04-02	Paneer	60
2119	2025-04-02	Butter	84
2120	2025-04-02	Cheese	148
2121	2025-04-02	Samosa	54
2122	2025-04-02	Kachori	147
2123	2025-04-02	Dhokla	80
2124	2025-04-02	Vada Pav	116
2125	2025-04-02	Pani Puri	66
2126	2025-04-02	Cookies	88
2127	2025-04-02	Masala Puri	135
2128	2025-04-02	Samosa Chaat	77
2129	2025-04-02	Small Mixture	134
2130	2025-04-02	Tomato Ketchup	78
2131	2025-04-03	Milk Bread	109
2132	2025-04-03	Brown Bread	102
2133	2025-04-03	Multigrain Bread	61
2134	2025-04-03	Pav Bun	125
2135	2025-04-03	Plain Cake	120
2136	2025-04-03	Chilli Sauce	103
2137	2025-04-03	Rasgulla	116
2138	2025-04-03	Jalebi	110
2139	2025-04-03	Soy Sauce	83
2140	2025-04-03	Water	92
2141	2025-04-03	Chocolate Cake	126
2142	2025-04-03	Vanilla Cake	103
2143	2025-04-03	Black Forest Cake	125
2144	2025-04-03	Pineapple Cake	145
2145	2025-04-03	Red Velvet Cake	70
2146	2025-04-03	Milk	77
2147	2025-04-03	Curd	122
2148	2025-04-03	Paneer	140
2149	2025-04-03	Butter	94
2150	2025-04-03	Cheese	148
2151	2025-04-03	Samosa	108
2152	2025-04-03	Kachori	60
2153	2025-04-03	Dhokla	69
2154	2025-04-03	Vada Pav	116
2155	2025-04-03	Pani Puri	63
2156	2025-04-03	Cookies	144
2157	2025-04-03	Masala Puri	145
2158	2025-04-03	Samosa Chaat	90
2159	2025-04-03	Small Mixture	101
2160	2025-04-03	Tomato Ketchup	126
2161	2025-04-04	Milk Bread	140
2162	2025-04-04	Brown Bread	54
2163	2025-04-04	Multigrain Bread	99
2164	2025-04-04	Pav Bun	141
2165	2025-04-04	Plain Cake	56
2166	2025-04-04	Chilli Sauce	80
2167	2025-04-04	Rasgulla	95
2168	2025-04-04	Jalebi	72
2169	2025-04-04	Soy Sauce	133
2170	2025-04-04	Water	68
2171	2025-04-04	Chocolate Cake	55
2172	2025-04-04	Vanilla Cake	100
2173	2025-04-04	Black Forest Cake	99
2174	2025-04-04	Pineapple Cake	116
2175	2025-04-04	Red Velvet Cake	106
2176	2025-04-04	Milk	78
2177	2025-04-04	Curd	91
2178	2025-04-04	Paneer	149
2179	2025-04-04	Butter	58
2180	2025-04-04	Cheese	86
2181	2025-04-04	Samosa	97
2182	2025-04-04	Kachori	83
2183	2025-04-04	Dhokla	93
2184	2025-04-04	Vada Pav	107
2185	2025-04-04	Pani Puri	77
2186	2025-04-04	Cookies	138
2187	2025-04-04	Masala Puri	50
2188	2025-04-04	Samosa Chaat	65
2189	2025-04-04	Small Mixture	78
2190	2025-04-04	Tomato Ketchup	69
2191	2025-04-05	Milk Bread	180
2192	2025-04-05	Brown Bread	214
2193	2025-04-05	Multigrain Bread	130
2194	2025-04-05	Pav Bun	82
2195	2025-04-05	Plain Cake	115
2196	2025-04-05	Chilli Sauce	213
2197	2025-04-05	Rasgulla	145
2198	2025-04-05	Jalebi	91
2199	2025-04-05	Soy Sauce	99
2200	2025-04-05	Water	199
2201	2025-04-05	Chocolate Cake	166
2202	2025-04-05	Vanilla Cake	85
2203	2025-04-05	Black Forest Cake	168
2204	2025-04-05	Pineapple Cake	124
2205	2025-04-05	Red Velvet Cake	117
2206	2025-04-05	Milk	123
2207	2025-04-05	Curd	94
2208	2025-04-05	Paneer	178
2209	2025-04-05	Butter	135
2210	2025-04-05	Cheese	129
2211	2025-04-05	Samosa	184
2212	2025-04-05	Kachori	97
2213	2025-04-05	Dhokla	102
2214	2025-04-05	Vada Pav	192
2215	2025-04-05	Pani Puri	120
2216	2025-04-05	Cookies	159
2217	2025-04-05	Masala Puri	87
2218	2025-04-05	Samosa Chaat	165
2219	2025-04-05	Small Mixture	186
2220	2025-04-05	Tomato Ketchup	117
2221	2025-04-06	Milk Bread	223
2222	2025-04-06	Brown Bread	108
2223	2025-04-06	Multigrain Bread	91
2224	2025-04-06	Pav Bun	204
2225	2025-04-06	Plain Cake	220
2226	2025-04-06	Chilli Sauce	121
2227	2025-04-06	Rasgulla	214
2228	2025-04-06	Jalebi	103
2229	2025-04-06	Soy Sauce	76
2230	2025-04-06	Water	171
2231	2025-04-06	Chocolate Cake	114
2232	2025-04-06	Vanilla Cake	189
2233	2025-04-06	Black Forest Cake	208
2234	2025-04-06	Pineapple Cake	153
2235	2025-04-06	Red Velvet Cake	124
2236	2025-04-06	Milk	75
2237	2025-04-06	Curd	190
2238	2025-04-06	Paneer	223
2239	2025-04-06	Butter	192
2240	2025-04-06	Cheese	180
2241	2025-04-06	Samosa	201
2242	2025-04-06	Kachori	156
2243	2025-04-06	Dhokla	120
2244	2025-04-06	Vada Pav	109
2245	2025-04-06	Pani Puri	217
2246	2025-04-06	Cookies	117
2247	2025-04-06	Masala Puri	165
2248	2025-04-06	Samosa Chaat	187
2249	2025-04-06	Small Mixture	138
2250	2025-04-06	Tomato Ketchup	135
2251	2025-04-07	Milk Bread	82
2252	2025-04-07	Brown Bread	148
2253	2025-04-07	Multigrain Bread	51
2254	2025-04-07	Pav Bun	119
2255	2025-04-07	Plain Cake	59
2256	2025-04-07	Chilli Sauce	106
2257	2025-04-07	Rasgulla	67
2258	2025-04-07	Jalebi	51
2259	2025-04-07	Soy Sauce	50
2260	2025-04-07	Water	114
2261	2025-04-07	Chocolate Cake	128
2262	2025-04-07	Vanilla Cake	93
2263	2025-04-07	Black Forest Cake	140
2264	2025-04-07	Pineapple Cake	52
2265	2025-04-07	Red Velvet Cake	86
2266	2025-04-07	Milk	72
2267	2025-04-07	Curd	119
2268	2025-04-07	Paneer	108
2269	2025-04-07	Butter	97
2270	2025-04-07	Cheese	74
2271	2025-04-07	Samosa	63
2272	2025-04-07	Kachori	111
2273	2025-04-07	Dhokla	118
2274	2025-04-07	Vada Pav	96
2275	2025-04-07	Pani Puri	65
2276	2025-04-07	Cookies	123
2277	2025-04-07	Masala Puri	146
2278	2025-04-07	Samosa Chaat	115
2279	2025-04-07	Small Mixture	117
2280	2025-04-07	Tomato Ketchup	106
2281	2025-04-08	Milk Bread	146
2282	2025-04-08	Brown Bread	74
2283	2025-04-08	Multigrain Bread	61
2284	2025-04-08	Pav Bun	93
2285	2025-04-08	Plain Cake	101
2286	2025-04-08	Chilli Sauce	80
2287	2025-04-08	Rasgulla	103
2288	2025-04-08	Jalebi	111
2289	2025-04-08	Soy Sauce	73
2290	2025-04-08	Water	89
2291	2025-04-08	Chocolate Cake	76
2292	2025-04-08	Vanilla Cake	143
2293	2025-04-08	Black Forest Cake	118
2294	2025-04-08	Pineapple Cake	97
2295	2025-04-08	Red Velvet Cake	57
2296	2025-04-08	Milk	81
2297	2025-04-08	Curd	112
2298	2025-04-08	Paneer	114
2299	2025-04-08	Butter	132
2300	2025-04-08	Cheese	135
2301	2025-04-08	Samosa	69
2302	2025-04-08	Kachori	88
2303	2025-04-08	Dhokla	93
2304	2025-04-08	Vada Pav	84
2305	2025-04-08	Pani Puri	101
2306	2025-04-08	Cookies	118
2307	2025-04-08	Masala Puri	144
2308	2025-04-08	Samosa Chaat	57
2309	2025-04-08	Small Mixture	141
2310	2025-04-08	Tomato Ketchup	126
2311	2025-04-09	Milk Bread	88
2312	2025-04-09	Brown Bread	87
2313	2025-04-09	Multigrain Bread	130
2314	2025-04-09	Pav Bun	141
2315	2025-04-09	Plain Cake	124
2316	2025-04-09	Chilli Sauce	60
2317	2025-04-09	Rasgulla	102
2318	2025-04-09	Jalebi	94
2319	2025-04-09	Soy Sauce	78
2320	2025-04-09	Water	108
2321	2025-04-09	Chocolate Cake	149
2322	2025-04-09	Vanilla Cake	97
2323	2025-04-09	Black Forest Cake	82
2324	2025-04-09	Pineapple Cake	124
2325	2025-04-09	Red Velvet Cake	119
2326	2025-04-09	Milk	134
2327	2025-04-09	Curd	81
2328	2025-04-09	Paneer	57
2329	2025-04-09	Butter	83
2330	2025-04-09	Cheese	50
2331	2025-04-09	Samosa	66
2332	2025-04-09	Kachori	137
2333	2025-04-09	Dhokla	105
2334	2025-04-09	Vada Pav	83
2335	2025-04-09	Pani Puri	148
2336	2025-04-09	Cookies	116
2337	2025-04-09	Masala Puri	91
2338	2025-04-09	Samosa Chaat	126
2339	2025-04-09	Small Mixture	68
2340	2025-04-09	Tomato Ketchup	82
2341	2025-04-10	Milk Bread	91
2342	2025-04-10	Brown Bread	110
2343	2025-04-10	Multigrain Bread	87
2344	2025-04-10	Pav Bun	100
2345	2025-04-10	Plain Cake	142
2346	2025-04-10	Chilli Sauce	132
2347	2025-04-10	Rasgulla	77
2348	2025-04-10	Jalebi	83
2349	2025-04-10	Soy Sauce	90
2350	2025-04-10	Water	98
2351	2025-04-10	Chocolate Cake	51
2352	2025-04-10	Vanilla Cake	55
2353	2025-04-10	Black Forest Cake	50
2354	2025-04-10	Pineapple Cake	103
2355	2025-04-10	Red Velvet Cake	67
2356	2025-04-10	Milk	80
2357	2025-04-10	Curd	142
2358	2025-04-10	Paneer	82
2359	2025-04-10	Butter	75
2360	2025-04-10	Cheese	113
2361	2025-04-10	Samosa	86
2362	2025-04-10	Kachori	91
2363	2025-04-10	Dhokla	94
2364	2025-04-10	Vada Pav	74
2365	2025-04-10	Pani Puri	128
2366	2025-04-10	Cookies	129
2367	2025-04-10	Masala Puri	128
2368	2025-04-10	Samosa Chaat	140
2369	2025-04-10	Small Mixture	74
2370	2025-04-10	Tomato Ketchup	103
2371	2025-04-11	Milk Bread	57
2372	2025-04-11	Brown Bread	136
2373	2025-04-11	Multigrain Bread	83
2374	2025-04-11	Pav Bun	130
2375	2025-04-11	Plain Cake	87
2376	2025-04-11	Chilli Sauce	140
2377	2025-04-11	Rasgulla	52
2378	2025-04-11	Jalebi	124
2379	2025-04-11	Soy Sauce	135
2380	2025-04-11	Water	63
2381	2025-04-11	Chocolate Cake	58
2382	2025-04-11	Vanilla Cake	119
2383	2025-04-11	Black Forest Cake	78
2384	2025-04-11	Pineapple Cake	136
2385	2025-04-11	Red Velvet Cake	123
2386	2025-04-11	Milk	79
2387	2025-04-11	Curd	70
2388	2025-04-11	Paneer	132
2389	2025-04-11	Butter	56
2390	2025-04-11	Cheese	146
2391	2025-04-11	Samosa	54
2392	2025-04-11	Kachori	145
2393	2025-04-11	Dhokla	65
2394	2025-04-11	Vada Pav	109
2395	2025-04-11	Pani Puri	119
2396	2025-04-11	Cookies	133
2397	2025-04-11	Masala Puri	51
2398	2025-04-11	Samosa Chaat	75
2399	2025-04-11	Small Mixture	122
2400	2025-04-11	Tomato Ketchup	97
2401	2025-04-12	Milk Bread	177
2402	2025-04-12	Brown Bread	195
2403	2025-04-12	Multigrain Bread	142
2404	2025-04-12	Pav Bun	166
2405	2025-04-12	Plain Cake	189
2406	2025-04-12	Chilli Sauce	192
2407	2025-04-12	Rasgulla	189
2408	2025-04-12	Jalebi	75
2409	2025-04-12	Soy Sauce	130
2410	2025-04-12	Water	145
2411	2025-04-12	Chocolate Cake	220
2412	2025-04-12	Vanilla Cake	154
2413	2025-04-12	Black Forest Cake	159
2414	2025-04-12	Pineapple Cake	78
2415	2025-04-12	Red Velvet Cake	84
2416	2025-04-12	Milk	166
2417	2025-04-12	Curd	222
2418	2025-04-12	Paneer	141
2419	2025-04-12	Butter	210
2420	2025-04-12	Cheese	129
2421	2025-04-12	Samosa	123
2422	2025-04-12	Kachori	168
2423	2025-04-12	Dhokla	151
2424	2025-04-12	Vada Pav	130
2425	2025-04-12	Pani Puri	172
2426	2025-04-12	Cookies	223
2427	2025-04-12	Masala Puri	117
2428	2025-04-12	Samosa Chaat	78
2429	2025-04-12	Small Mixture	162
2430	2025-04-12	Tomato Ketchup	112
2431	2025-04-13	Milk Bread	204
2432	2025-04-13	Brown Bread	210
2433	2025-04-13	Multigrain Bread	108
2434	2025-04-13	Pav Bun	120
2435	2025-04-13	Plain Cake	174
2436	2025-04-13	Chilli Sauce	112
2437	2025-04-13	Rasgulla	213
2438	2025-04-13	Jalebi	85
2439	2025-04-13	Soy Sauce	129
2440	2025-04-13	Water	75
2441	2025-04-13	Chocolate Cake	76
2442	2025-04-13	Vanilla Cake	160
2443	2025-04-13	Black Forest Cake	223
2444	2025-04-13	Pineapple Cake	213
2445	2025-04-13	Red Velvet Cake	195
2446	2025-04-13	Milk	85
2447	2025-04-13	Curd	189
2448	2025-04-13	Paneer	114
2449	2025-04-13	Butter	118
2450	2025-04-13	Cheese	84
2451	2025-04-13	Samosa	157
2452	2025-04-13	Kachori	102
2453	2025-04-13	Dhokla	144
2454	2025-04-13	Vada Pav	114
2455	2025-04-13	Pani Puri	90
2456	2025-04-13	Cookies	154
2457	2025-04-13	Masala Puri	178
2458	2025-04-13	Samosa Chaat	121
2459	2025-04-13	Small Mixture	81
2460	2025-04-13	Tomato Ketchup	99
2461	2025-04-14	Milk Bread	106
2462	2025-04-14	Brown Bread	101
2463	2025-04-14	Multigrain Bread	131
2464	2025-04-14	Pav Bun	74
2465	2025-04-14	Plain Cake	57
2466	2025-04-14	Chilli Sauce	140
2467	2025-04-14	Rasgulla	108
2468	2025-04-14	Jalebi	74
2469	2025-04-14	Soy Sauce	133
2470	2025-04-14	Water	81
2471	2025-04-14	Chocolate Cake	70
2472	2025-04-14	Vanilla Cake	56
2473	2025-04-14	Black Forest Cake	50
2474	2025-04-14	Pineapple Cake	65
2475	2025-04-14	Red Velvet Cake	75
2476	2025-04-14	Milk	108
2477	2025-04-14	Curd	115
2478	2025-04-14	Paneer	102
2479	2025-04-14	Butter	142
2480	2025-04-14	Cheese	130
2481	2025-04-14	Samosa	87
2482	2025-04-14	Kachori	102
2483	2025-04-14	Dhokla	118
2484	2025-04-14	Vada Pav	143
2485	2025-04-14	Pani Puri	72
2486	2025-04-14	Cookies	112
2487	2025-04-14	Masala Puri	134
2488	2025-04-14	Samosa Chaat	97
2489	2025-04-14	Small Mixture	110
2490	2025-04-14	Tomato Ketchup	60
2491	2025-04-15	Milk Bread	120
2492	2025-04-15	Brown Bread	128
2493	2025-04-15	Multigrain Bread	90
2494	2025-04-15	Pav Bun	70
2495	2025-04-15	Plain Cake	63
2496	2025-04-15	Chilli Sauce	120
2497	2025-04-15	Rasgulla	125
2498	2025-04-15	Jalebi	60
2499	2025-04-15	Soy Sauce	55
2500	2025-04-15	Water	145
2501	2025-04-15	Chocolate Cake	126
2502	2025-04-15	Vanilla Cake	127
2503	2025-04-15	Black Forest Cake	136
2504	2025-04-15	Pineapple Cake	91
2505	2025-04-15	Red Velvet Cake	59
2506	2025-04-15	Milk	103
2507	2025-04-15	Curd	122
2508	2025-04-15	Paneer	131
2509	2025-04-15	Butter	143
2510	2025-04-15	Cheese	73
2511	2025-04-15	Samosa	140
2512	2025-04-15	Kachori	123
2513	2025-04-15	Dhokla	75
2514	2025-04-15	Vada Pav	55
2515	2025-04-15	Pani Puri	105
2516	2025-04-15	Cookies	134
2517	2025-04-15	Masala Puri	66
2518	2025-04-15	Samosa Chaat	88
2519	2025-04-15	Small Mixture	117
2520	2025-04-15	Tomato Ketchup	53
2521	2025-04-16	Milk Bread	118
2522	2025-04-16	Brown Bread	137
2523	2025-04-16	Multigrain Bread	71
2524	2025-04-16	Pav Bun	101
2525	2025-04-16	Plain Cake	141
2526	2025-04-16	Chilli Sauce	136
2527	2025-04-16	Rasgulla	90
2528	2025-04-16	Jalebi	59
2529	2025-04-16	Soy Sauce	149
2530	2025-04-16	Water	76
2531	2025-04-16	Chocolate Cake	124
2532	2025-04-16	Vanilla Cake	74
2533	2025-04-16	Black Forest Cake	88
2534	2025-04-16	Pineapple Cake	134
2535	2025-04-16	Red Velvet Cake	137
2536	2025-04-16	Milk	143
2537	2025-04-16	Curd	138
2538	2025-04-16	Paneer	96
2539	2025-04-16	Butter	104
2540	2025-04-16	Cheese	84
2541	2025-04-16	Samosa	53
2542	2025-04-16	Kachori	62
2543	2025-04-16	Dhokla	104
2544	2025-04-16	Vada Pav	79
2545	2025-04-16	Pani Puri	74
2546	2025-04-16	Cookies	123
2547	2025-04-16	Masala Puri	97
2548	2025-04-16	Samosa Chaat	69
2549	2025-04-16	Small Mixture	52
2550	2025-04-16	Tomato Ketchup	140
2551	2025-04-17	Milk Bread	88
2552	2025-04-17	Brown Bread	84
2553	2025-04-17	Multigrain Bread	88
2554	2025-04-17	Pav Bun	53
2555	2025-04-17	Plain Cake	132
2556	2025-04-17	Chilli Sauce	58
2557	2025-04-17	Rasgulla	52
2558	2025-04-17	Jalebi	124
2559	2025-04-17	Soy Sauce	129
2560	2025-04-17	Water	98
2561	2025-04-17	Chocolate Cake	116
2562	2025-04-17	Vanilla Cake	99
2563	2025-04-17	Black Forest Cake	81
2564	2025-04-17	Pineapple Cake	102
2565	2025-04-17	Red Velvet Cake	105
2566	2025-04-17	Milk	134
2567	2025-04-17	Curd	62
2568	2025-04-17	Paneer	144
2569	2025-04-17	Butter	113
2570	2025-04-17	Cheese	65
2571	2025-04-17	Samosa	110
2572	2025-04-17	Kachori	133
2573	2025-04-17	Dhokla	67
2574	2025-04-17	Vada Pav	86
2575	2025-04-17	Pani Puri	112
2576	2025-04-17	Cookies	71
2577	2025-04-17	Masala Puri	121
2578	2025-04-17	Samosa Chaat	69
2579	2025-04-17	Small Mixture	110
2580	2025-04-17	Tomato Ketchup	89
2581	2025-04-18	Milk Bread	72
2582	2025-04-18	Brown Bread	142
2583	2025-04-18	Multigrain Bread	130
2584	2025-04-18	Pav Bun	104
2585	2025-04-18	Plain Cake	88
2586	2025-04-18	Chilli Sauce	126
2587	2025-04-18	Rasgulla	97
2588	2025-04-18	Jalebi	59
2589	2025-04-18	Soy Sauce	72
2590	2025-04-18	Water	65
2591	2025-04-18	Chocolate Cake	128
2592	2025-04-18	Vanilla Cake	145
2593	2025-04-18	Black Forest Cake	109
2594	2025-04-18	Pineapple Cake	109
2595	2025-04-18	Red Velvet Cake	51
2596	2025-04-18	Milk	59
2597	2025-04-18	Curd	56
2598	2025-04-18	Paneer	97
2599	2025-04-18	Butter	53
2600	2025-04-18	Cheese	115
2601	2025-04-18	Samosa	83
2602	2025-04-18	Kachori	145
2603	2025-04-18	Dhokla	59
2604	2025-04-18	Vada Pav	125
2605	2025-04-18	Pani Puri	102
2606	2025-04-18	Cookies	51
2607	2025-04-18	Masala Puri	145
2608	2025-04-18	Samosa Chaat	65
2609	2025-04-18	Small Mixture	55
2610	2025-04-18	Tomato Ketchup	122
2611	2025-04-19	Milk Bread	169
2612	2025-04-19	Brown Bread	204
2613	2025-04-19	Multigrain Bread	165
2614	2025-04-19	Pav Bun	133
2615	2025-04-19	Plain Cake	157
2616	2025-04-19	Chilli Sauce	81
2617	2025-04-19	Rasgulla	132
2618	2025-04-19	Jalebi	180
2619	2025-04-19	Soy Sauce	163
2620	2025-04-19	Water	148
2621	2025-04-19	Chocolate Cake	121
2622	2025-04-19	Vanilla Cake	210
2623	2025-04-19	Black Forest Cake	151
2624	2025-04-19	Pineapple Cake	94
2625	2025-04-19	Red Velvet Cake	109
2626	2025-04-19	Milk	109
2627	2025-04-19	Curd	147
2628	2025-04-19	Paneer	214
2629	2025-04-19	Butter	106
2630	2025-04-19	Cheese	163
2631	2025-04-19	Samosa	100
2632	2025-04-19	Kachori	132
2633	2025-04-19	Dhokla	132
2634	2025-04-19	Vada Pav	136
2635	2025-04-19	Pani Puri	108
2636	2025-04-19	Cookies	138
2637	2025-04-19	Masala Puri	154
2638	2025-04-19	Samosa Chaat	166
2639	2025-04-19	Small Mixture	82
2640	2025-04-19	Tomato Ketchup	198
2641	2025-04-20	Milk Bread	222
2642	2025-04-20	Brown Bread	208
2643	2025-04-20	Multigrain Bread	159
2644	2025-04-20	Pav Bun	171
2645	2025-04-20	Plain Cake	180
2646	2025-04-20	Chilli Sauce	204
2647	2025-04-20	Rasgulla	189
2648	2025-04-20	Jalebi	159
2649	2025-04-20	Soy Sauce	186
2650	2025-04-20	Water	211
2651	2025-04-20	Chocolate Cake	115
2652	2025-04-20	Vanilla Cake	211
2653	2025-04-20	Black Forest Cake	99
2654	2025-04-20	Pineapple Cake	132
2655	2025-04-20	Red Velvet Cake	147
2656	2025-04-20	Milk	139
2657	2025-04-20	Curd	214
2658	2025-04-20	Paneer	88
2659	2025-04-20	Butter	165
2660	2025-04-20	Cheese	190
2661	2025-04-20	Samosa	150
2662	2025-04-20	Kachori	151
2663	2025-04-20	Dhokla	192
2664	2025-04-20	Vada Pav	136
2665	2025-04-20	Pani Puri	124
2666	2025-04-20	Cookies	76
2667	2025-04-20	Masala Puri	210
2668	2025-04-20	Samosa Chaat	163
2669	2025-04-20	Small Mixture	88
2670	2025-04-20	Tomato Ketchup	145
2671	2025-04-21	Milk Bread	58
2672	2025-04-21	Brown Bread	75
2673	2025-04-21	Multigrain Bread	129
2674	2025-04-21	Pav Bun	66
2675	2025-04-21	Plain Cake	65
2676	2025-04-21	Chilli Sauce	64
2677	2025-04-21	Rasgulla	93
2678	2025-04-21	Jalebi	63
2679	2025-04-21	Soy Sauce	145
2680	2025-04-21	Water	67
2681	2025-04-21	Chocolate Cake	85
2682	2025-04-21	Vanilla Cake	113
2683	2025-04-21	Black Forest Cake	104
2684	2025-04-21	Pineapple Cake	120
2685	2025-04-21	Red Velvet Cake	67
2686	2025-04-21	Milk	117
2687	2025-04-21	Curd	50
2688	2025-04-21	Paneer	107
2689	2025-04-21	Butter	116
2690	2025-04-21	Cheese	114
2691	2025-04-21	Samosa	78
2692	2025-04-21	Kachori	139
2693	2025-04-21	Dhokla	113
2694	2025-04-21	Vada Pav	70
2695	2025-04-21	Pani Puri	62
2696	2025-04-21	Cookies	75
2697	2025-04-21	Masala Puri	108
2698	2025-04-21	Samosa Chaat	103
2699	2025-04-21	Small Mixture	130
2700	2025-04-21	Tomato Ketchup	50
